ts,rrc,decision Varibles
1,1,0
1,2,0
1,3,0
1,4,0
1,5,0
1,6,0
1,7,0
1,8,0
1,9,0
1,10,0
1,11,0
1,12,0
1,13,0
1,14,0
1,15,0
1,16,0
1,17,0
1,18,0
1,19,0
1,20,0
1,21,0
1,22,0
1,23,0
1,24,0
1,25,1
1,26,0
1,27,0
2,1,0
2,2,0
2,3,0
2,4,0
2,5,0
2,6,0
2,7,0
2,8,0
2,9,0
2,10,0
2,11,0
2,12,0
2,13,0
2,14,0
2,15,0
2,16,0
2,17,0
2,18,0
2,19,0
2,20,0
2,21,0
2,22,0
2,23,0
2,24,0
2,25,0
2,26,0
2,27,1
3,1,0
3,2,0
3,3,0
3,4,0
3,5,0
3,6,0
3,7,0
3,8,0
3,9,0
3,10,0
3,11,0
3,12,0
3,13,0
3,14,0
3,15,0
3,16,0
3,17,0
3,18,0
3,19,0
3,20,0
3,21,0
3,22,0
3,23,0
3,24,0
3,25,0
3,26,0
3,27,1
4,1,0
4,2,0
4,3,0
4,4,0
4,5,0
4,6,0
4,7,0
4,8,0
4,9,0
4,10,0
4,11,0
4,12,0
4,13,0
4,14,0
4,15,0
4,16,0
4,17,0
4,18,0
4,19,0
4,20,0
4,21,0
4,22,0
4,23,0
4,24,0
4,25,1
4,26,0
4,27,0
5,1,0
5,2,0
5,3,0
5,4,0
5,5,0
5,6,0
5,7,0
5,8,0
5,9,0
5,10,0
5,11,0
5,12,0
5,13,0
5,14,0
5,15,0
5,16,0
5,17,0
5,18,0
5,19,0
5,20,0
5,21,0
5,22,0
5,23,0
5,24,0
5,25,1
5,26,0
5,27,0
6,1,0
6,2,0
6,3,0
6,4,0
6,5,0
6,6,0
6,7,0
6,8,0
6,9,0
6,10,0
6,11,0
6,12,0
6,13,0
6,14,0
6,15,0
6,16,0
6,17,0
6,18,0
6,19,0
6,20,0
6,21,0
6,22,0
6,23,0
6,24,0
6,25,0
6,26,0
6,27,1
7,1,0
7,2,0
7,3,0
7,4,0
7,5,0
7,6,0
7,7,0
7,8,0
7,9,0
7,10,0
7,11,0
7,12,0
7,13,0
7,14,0
7,15,0
7,16,0
7,17,0
7,18,0
7,19,0
7,20,0
7,21,0
7,22,0
7,23,0
7,24,0
7,25,0
7,26,0
7,27,1
8,1,0
8,2,0
8,3,0
8,4,0
8,5,0
8,6,0
8,7,0
8,8,0
8,9,0
8,10,0
8,11,0
8,12,0
8,13,0
8,14,0
8,15,0
8,16,0
8,17,0
8,18,0
8,19,0
8,20,0
8,21,0
8,22,0
8,23,0
8,24,0
8,25,0
8,26,0
8,27,1
9,1,0
9,2,0
9,3,0
9,4,0
9,5,0
9,6,0
9,7,0
9,8,0
9,9,0
9,10,0
9,11,0
9,12,0
9,13,0
9,14,0
9,15,0
9,16,0
9,17,0
9,18,0
9,19,0
9,20,0
9,21,0
9,22,0
9,23,0
9,24,1
9,25,0
9,26,0
9,27,0
10,1,0
10,2,0
10,3,0
10,4,0
10,5,0
10,6,0
10,7,0
10,8,0
10,9,0
10,10,0
10,11,0
10,12,0
10,13,0
10,14,0
10,15,0
10,16,0
10,17,0
10,18,0
10,19,0
10,20,0
10,21,0
10,22,0
10,23,0
10,24,0
10,25,0
10,26,0
10,27,1
11,1,0
11,2,0
11,3,0
11,4,0
11,5,0
11,6,0
11,7,0
11,8,0
11,9,0
11,10,0
11,11,0
11,12,0
11,13,0
11,14,0
11,15,0
11,16,0
11,17,0
11,18,0
11,19,0
11,20,0
11,21,0
11,22,0
11,23,0
11,24,0
11,25,0
11,26,0
11,27,1
12,1,0
12,2,0
12,3,0
12,4,0
12,5,0
12,6,0
12,7,0
12,8,0
12,9,0
12,10,0
12,11,0
12,12,0
12,13,0
12,14,0
12,15,0
12,16,0
12,17,0
12,18,0
12,19,0
12,20,0
12,21,0
12,22,0
12,23,0
12,24,0
12,25,0
12,26,0
12,27,1
13,1,0
13,2,0
13,3,0
13,4,0
13,5,0
13,6,0
13,7,0
13,8,0
13,9,0
13,10,0
13,11,0
13,12,0
13,13,0
13,14,0
13,15,0
13,16,0
13,17,0
13,18,0
13,19,0
13,20,0
13,21,0
13,22,0
13,23,0
13,24,0
13,25,1
13,26,0
13,27,0
14,1,0
14,2,0
14,3,0
14,4,0
14,5,0
14,6,0
14,7,0
14,8,0
14,9,0
14,10,0
14,11,0
14,12,0
14,13,0
14,14,0
14,15,0
14,16,0
14,17,0
14,18,0
14,19,0
14,20,0
14,21,0
14,22,0
14,23,0
14,24,0
14,25,0
14,26,1
14,27,0
15,1,0
15,2,0
15,3,0
15,4,0
15,5,0
15,6,0
15,7,0
15,8,0
15,9,0
15,10,0
15,11,0
15,12,0
15,13,0
15,14,0
15,15,0
15,16,0
15,17,0
15,18,0
15,19,0
15,20,0
15,21,0
15,22,0
15,23,0
15,24,0
15,25,0
15,26,1
15,27,0
16,1,0
16,2,0
16,3,0
16,4,0
16,5,0
16,6,0
16,7,0
16,8,0
16,9,0
16,10,0
16,11,0
16,12,0
16,13,0
16,14,0
16,15,0
16,16,0
16,17,0
16,18,0
16,19,0
16,20,0
16,21,0
16,22,0
16,23,0
16,24,0
16,25,0
16,26,1
16,27,0
17,1,0
17,2,0
17,3,0
17,4,0
17,5,0
17,6,0
17,7,0
17,8,0
17,9,0
17,10,0
17,11,0
17,12,0
17,13,0
17,14,0
17,15,0
17,16,0
17,17,0
17,18,0
17,19,0
17,20,0
17,21,0
17,22,0
17,23,0
17,24,0
17,25,0
17,26,1
17,27,0
18,1,0
18,2,0
18,3,0
18,4,0
18,5,0
18,6,0
18,7,0
18,8,0
18,9,0
18,10,0
18,11,0
18,12,0
18,13,0
18,14,0
18,15,0
18,16,0
18,17,0
18,18,0
18,19,0
18,20,0
18,21,0
18,22,0
18,23,0
18,24,0
18,25,0
18,26,1
18,27,0
19,1,0
19,2,0
19,3,0
19,4,0
19,5,0
19,6,0
19,7,0
19,8,0
19,9,0
19,10,0
19,11,0
19,12,0
19,13,0
19,14,0
19,15,0
19,16,0
19,17,0
19,18,0
19,19,0
19,20,0
19,21,0
19,22,0
19,23,0
19,24,0
19,25,0
19,26,1
19,27,0
20,1,0
20,2,0
20,3,0
20,4,0
20,5,0
20,6,0
20,7,0
20,8,0
20,9,0
20,10,0
20,11,0
20,12,0
20,13,0
20,14,0
20,15,0
20,16,0
20,17,0
20,18,0
20,19,0
20,20,0
20,21,0
20,22,0
20,23,0
20,24,0
20,25,0
20,26,1
20,27,0
21,1,0
21,2,0
21,3,0
21,4,0
21,5,0
21,6,0
21,7,0
21,8,0
21,9,0
21,10,0
21,11,0
21,12,0
21,13,0
21,14,0
21,15,0
21,16,0
21,17,0
21,18,0
21,19,0
21,20,0
21,21,0
21,22,0
21,23,0
21,24,0
21,25,0
21,26,1
21,27,0
22,1,0
22,2,0
22,3,1
22,4,0
22,5,0
22,6,0
22,7,0
22,8,0
22,9,0
22,10,0
22,11,0
22,12,0
22,13,0
22,14,0
22,15,0
22,16,0
22,17,0
22,18,0
22,19,0
22,20,0
22,21,0
22,22,0
22,23,0
22,24,0
22,25,0
22,26,0
22,27,0
23,1,0
23,2,0
23,3,0
23,4,0
23,5,0
23,6,0
23,7,0
23,8,0
23,9,0
23,10,0
23,11,0
23,12,0
23,13,0
23,14,0
23,15,0
23,16,0
23,17,0
23,18,0
23,19,0
23,20,0
23,21,0
23,22,0
23,23,0
23,24,0
23,25,0
23,26,1
23,27,0
24,1,0
24,2,0
24,3,0
24,4,0
24,5,0
24,6,0
24,7,0
24,8,0
24,9,0
24,10,0
24,11,0
24,12,0
24,13,0
24,14,0
24,15,0
24,16,0
24,17,0
24,18,0
24,19,0
24,20,0
24,21,0
24,22,0
24,23,0
24,24,0
24,25,0
24,26,1
24,27,0
25,1,0
25,2,0
25,3,0
25,4,0
25,5,0
25,6,0
25,7,0
25,8,0
25,9,0
25,10,0
25,11,0
25,12,0
25,13,0
25,14,0
25,15,0
25,16,0
25,17,0
25,18,0
25,19,0
25,20,0
25,21,0
25,22,0
25,23,0
25,24,0
25,25,0
25,26,1
25,27,0
26,1,0
26,2,0
26,3,0
26,4,0
26,5,0
26,6,0
26,7,0
26,8,0
26,9,0
26,10,0
26,11,0
26,12,0
26,13,0
26,14,0
26,15,0
26,16,0
26,17,0
26,18,0
26,19,0
26,20,0
26,21,0
26,22,0
26,23,0
26,24,0
26,25,0
26,26,1
26,27,0
27,1,0
27,2,0
27,3,1
27,4,0
27,5,0
27,6,0
27,7,0
27,8,0
27,9,0
27,10,0
27,11,0
27,12,0
27,13,0
27,14,0
27,15,0
27,16,0
27,17,0
27,18,0
27,19,0
27,20,0
27,21,0
27,22,0
27,23,0
27,24,0
27,25,0
27,26,0
27,27,0
28,1,0
28,2,0
28,3,1
28,4,0
28,5,0
28,6,0
28,7,0
28,8,0
28,9,0
28,10,0
28,11,0
28,12,0
28,13,0
28,14,0
28,15,0
28,16,0
28,17,0
28,18,0
28,19,0
28,20,0
28,21,0
28,22,0
28,23,0
28,24,0
28,25,0
28,26,0
28,27,0
29,1,0
29,2,0
29,3,1
29,4,0
29,5,0
29,6,0
29,7,0
29,8,0
29,9,0
29,10,0
29,11,0
29,12,0
29,13,0
29,14,0
29,15,0
29,16,0
29,17,0
29,18,0
29,19,0
29,20,0
29,21,0
29,22,0
29,23,0
29,24,0
29,25,0
29,26,0
29,27,0
30,1,0
30,2,0
30,3,0
30,4,0
30,5,0
30,6,0
30,7,0
30,8,0
30,9,0
30,10,0
30,11,0
30,12,0
30,13,0
30,14,0
30,15,0
30,16,0
30,17,0
30,18,0
30,19,0
30,20,0
30,21,0
30,22,0
30,23,0
30,24,0
30,25,0
30,26,0
30,27,1
31,1,0
31,2,0
31,3,1
31,4,0
31,5,0
31,6,0
31,7,0
31,8,0
31,9,0
31,10,0
31,11,0
31,12,0
31,13,0
31,14,0
31,15,0
31,16,0
31,17,0
31,18,0
31,19,0
31,20,0
31,21,0
31,22,0
31,23,0
31,24,0
31,25,0
31,26,0
31,27,0
32,1,0
32,2,0
32,3,1
32,4,0
32,5,0
32,6,0
32,7,0
32,8,0
32,9,0
32,10,0
32,11,0
32,12,0
32,13,0
32,14,0
32,15,0
32,16,0
32,17,0
32,18,0
32,19,0
32,20,0
32,21,0
32,22,0
32,23,0
32,24,0
32,25,0
32,26,0
32,27,0
33,1,0
33,2,0
33,3,0
33,4,0
33,5,0
33,6,0
33,7,0
33,8,0
33,9,0
33,10,0
33,11,0
33,12,0
33,13,0
33,14,0
33,15,0
33,16,0
33,17,0
33,18,0
33,19,0
33,20,0
33,21,0
33,22,0
33,23,0
33,24,0
33,25,0
33,26,0
33,27,1
34,1,0
34,2,0
34,3,1
34,4,0
34,5,0
34,6,0
34,7,0
34,8,0
34,9,0
34,10,0
34,11,0
34,12,0
34,13,0
34,14,0
34,15,0
34,16,0
34,17,0
34,18,0
34,19,0
34,20,0
34,21,0
34,22,0
34,23,0
34,24,0
34,25,0
34,26,0
34,27,0
35,1,0
35,2,0
35,3,1
35,4,0
35,5,0
35,6,0
35,7,0
35,8,0
35,9,0
35,10,0
35,11,0
35,12,0
35,13,0
35,14,0
35,15,0
35,16,0
35,17,0
35,18,0
35,19,0
35,20,0
35,21,0
35,22,0
35,23,0
35,24,0
35,25,0
35,26,0
35,27,0
36,1,0
36,2,0
36,3,1
36,4,0
36,5,0
36,6,0
36,7,0
36,8,0
36,9,0
36,10,0
36,11,0
36,12,0
36,13,0
36,14,0
36,15,0
36,16,0
36,17,0
36,18,0
36,19,0
36,20,0
36,21,0
36,22,0
36,23,0
36,24,0
36,25,0
36,26,0
36,27,0
37,1,0
37,2,0
37,3,1
37,4,0
37,5,0
37,6,0
37,7,0
37,8,0
37,9,0
37,10,0
37,11,0
37,12,0
37,13,0
37,14,0
37,15,0
37,16,0
37,17,0
37,18,0
37,19,0
37,20,0
37,21,0
37,22,0
37,23,0
37,24,0
37,25,0
37,26,0
37,27,0
38,1,0
38,2,0
38,3,1
38,4,0
38,5,0
38,6,0
38,7,0
38,8,0
38,9,0
38,10,0
38,11,0
38,12,0
38,13,0
38,14,0
38,15,0
38,16,0
38,17,0
38,18,0
38,19,0
38,20,0
38,21,0
38,22,0
38,23,0
38,24,0
38,25,0
38,26,0
38,27,0
39,1,0
39,2,0
39,3,1
39,4,0
39,5,0
39,6,0
39,7,0
39,8,0
39,9,0
39,10,0
39,11,0
39,12,0
39,13,0
39,14,0
39,15,0
39,16,0
39,17,0
39,18,0
39,19,0
39,20,0
39,21,0
39,22,0
39,23,0
39,24,0
39,25,0
39,26,0
39,27,0
40,1,0
40,2,0
40,3,1
40,4,0
40,5,0
40,6,0
40,7,0
40,8,0
40,9,0
40,10,0
40,11,0
40,12,0
40,13,0
40,14,0
40,15,0
40,16,0
40,17,0
40,18,0
40,19,0
40,20,0
40,21,0
40,22,0
40,23,0
40,24,0
40,25,0
40,26,0
40,27,0
41,1,0
41,2,0
41,3,1
41,4,0
41,5,0
41,6,0
41,7,0
41,8,0
41,9,0
41,10,0
41,11,0
41,12,0
41,13,0
41,14,0
41,15,0
41,16,0
41,17,0
41,18,0
41,19,0
41,20,0
41,21,0
41,22,0
41,23,0
41,24,0
41,25,0
41,26,0
41,27,0
42,1,0
42,2,0
42,3,1
42,4,0
42,5,0
42,6,0
42,7,0
42,8,0
42,9,0
42,10,0
42,11,0
42,12,0
42,13,0
42,14,0
42,15,0
42,16,0
42,17,0
42,18,0
42,19,0
42,20,0
42,21,0
42,22,0
42,23,0
42,24,0
42,25,0
42,26,0
42,27,0
43,1,0
43,2,0
43,3,1
43,4,0
43,5,0
43,6,0
43,7,0
43,8,0
43,9,0
43,10,0
43,11,0
43,12,0
43,13,0
43,14,0
43,15,0
43,16,0
43,17,0
43,18,0
43,19,0
43,20,0
43,21,0
43,22,0
43,23,0
43,24,0
43,25,0
43,26,0
43,27,0
44,1,0
44,2,0
44,3,1
44,4,0
44,5,0
44,6,0
44,7,0
44,8,0
44,9,0
44,10,0
44,11,0
44,12,0
44,13,0
44,14,0
44,15,0
44,16,0
44,17,0
44,18,0
44,19,0
44,20,0
44,21,0
44,22,0
44,23,0
44,24,0
44,25,0
44,26,0
44,27,0
45,1,0
45,2,0
45,3,0
45,4,0
45,5,0
45,6,0
45,7,0
45,8,0
45,9,0
45,10,0
45,11,0
45,12,0
45,13,0
45,14,0
45,15,0
45,16,0
45,17,0
45,18,0
45,19,0
45,20,0
45,21,0
45,22,0
45,23,0
45,24,0
45,25,1
45,26,0
45,27,0
46,1,0
46,2,0
46,3,0
46,4,0
46,5,0
46,6,0
46,7,0
46,8,0
46,9,0
46,10,0
46,11,0
46,12,0
46,13,0
46,14,0
46,15,0
46,16,0
46,17,0
46,18,0
46,19,0
46,20,0
46,21,0
46,22,0
46,23,0
46,24,0
46,25,1
46,26,0
46,27,0
47,1,0
47,2,0
47,3,0
47,4,0
47,5,0
47,6,0
47,7,0
47,8,0
47,9,0
47,10,0
47,11,0
47,12,0
47,13,0
47,14,0
47,15,0
47,16,0
47,17,0
47,18,0
47,19,0
47,20,0
47,21,0
47,22,0
47,23,0
47,24,0
47,25,1
47,26,0
47,27,0
48,1,0
48,2,0
48,3,0
48,4,0
48,5,0
48,6,0
48,7,0
48,8,0
48,9,0
48,10,0
48,11,0
48,12,0
48,13,0
48,14,0
48,15,0
48,16,0
48,17,0
48,18,0
48,19,0
48,20,0
48,21,0
48,22,0
48,23,0
48,24,0
48,25,1
48,26,0
48,27,0
49,1,0
49,2,0
49,3,0
49,4,0
49,5,0
49,6,0
49,7,0
49,8,0
49,9,0
49,10,0
49,11,0
49,12,0
49,13,0
49,14,0
49,15,0
49,16,0
49,17,0
49,18,0
49,19,0
49,20,0
49,21,0
49,22,0
49,23,0
49,24,0
49,25,1
49,26,0
49,27,0
50,1,0
50,2,0
50,3,0
50,4,0
50,5,0
50,6,0
50,7,0
50,8,0
50,9,0
50,10,0
50,11,0
50,12,0
50,13,0
50,14,0
50,15,0
50,16,0
50,17,0
50,18,0
50,19,0
50,20,0
50,21,0
50,22,0
50,23,0
50,24,0
50,25,1
50,26,0
50,27,0
51,1,0
51,2,0
51,3,0
51,4,0
51,5,0
51,6,0
51,7,0
51,8,0
51,9,0
51,10,0
51,11,0
51,12,0
51,13,0
51,14,0
51,15,0
51,16,0
51,17,0
51,18,0
51,19,0
51,20,0
51,21,0
51,22,0
51,23,0
51,24,1
51,25,0
51,26,0
51,27,0
52,1,0
52,2,0
52,3,0
52,4,0
52,5,0
52,6,0
52,7,0
52,8,0
52,9,0
52,10,0
52,11,0
52,12,0
52,13,0
52,14,0
52,15,0
52,16,0
52,17,0
52,18,0
52,19,0
52,20,0
52,21,0
52,22,0
52,23,0
52,24,0
52,25,1
52,26,0
52,27,0
53,1,0
53,2,0
53,3,0
53,4,0
53,5,0
53,6,0
53,7,0
53,8,0
53,9,0
53,10,0
53,11,0
53,12,0
53,13,0
53,14,0
53,15,0
53,16,0
53,17,0
53,18,0
53,19,0
53,20,0
53,21,0
53,22,0
53,23,0
53,24,0
53,25,1
53,26,0
53,27,0
54,1,0
54,2,0
54,3,0
54,4,0
54,5,0
54,6,0
54,7,0
54,8,0
54,9,0
54,10,0
54,11,0
54,12,0
54,13,0
54,14,0
54,15,0
54,16,0
54,17,0
54,18,0
54,19,0
54,20,0
54,21,0
54,22,0
54,23,0
54,24,0
54,25,1
54,26,0
54,27,0
55,1,0
55,2,0
55,3,0
55,4,0
55,5,0
55,6,0
55,7,0
55,8,0
55,9,0
55,10,0
55,11,0
55,12,0
55,13,0
55,14,0
55,15,0
55,16,0
55,17,0
55,18,0
55,19,0
55,20,0
55,21,0
55,22,0
55,23,0
55,24,1
55,25,0
55,26,0
55,27,0
56,1,0
56,2,0
56,3,0
56,4,0
56,5,0
56,6,0
56,7,0
56,8,0
56,9,0
56,10,0
56,11,0
56,12,0
56,13,0
56,14,0
56,15,0
56,16,0
56,17,0
56,18,0
56,19,0
56,20,0
56,21,0
56,22,0
56,23,0
56,24,0
56,25,1
56,26,0
56,27,0
57,1,0
57,2,0
57,3,0
57,4,0
57,5,0
57,6,0
57,7,0
57,8,0
57,9,0
57,10,0
57,11,0
57,12,0
57,13,0
57,14,0
57,15,0
57,16,0
57,17,0
57,18,0
57,19,0
57,20,0
57,21,1
57,22,0
57,23,0
57,24,0
57,25,0
57,26,0
57,27,0
58,1,0
58,2,0
58,3,0
58,4,0
58,5,0
58,6,0
58,7,0
58,8,0
58,9,0
58,10,0
58,11,0
58,12,0
58,13,0
58,14,0
58,15,0
58,16,0
58,17,0
58,18,0
58,19,0
58,20,0
58,21,1
58,22,0
58,23,0
58,24,0
58,25,0
58,26,0
58,27,0
59,1,0
59,2,0
59,3,0
59,4,0
59,5,0
59,6,0
59,7,0
59,8,0
59,9,0
59,10,0
59,11,0
59,12,0
59,13,0
59,14,0
59,15,0
59,16,0
59,17,0
59,18,0
59,19,0
59,20,0
59,21,1
59,22,0
59,23,0
59,24,0
59,25,0
59,26,0
59,27,0
60,1,0
60,2,0
60,3,0
60,4,0
60,5,0
60,6,0
60,7,0
60,8,0
60,9,0
60,10,0
60,11,0
60,12,0
60,13,0
60,14,0
60,15,0
60,16,0
60,17,0
60,18,0
60,19,0
60,20,0
60,21,1
60,22,0
60,23,0
60,24,0
60,25,0
60,26,0
60,27,0
61,1,0
61,2,0
61,3,0
61,4,0
61,5,0
61,6,0
61,7,0
61,8,0
61,9,0
61,10,0
61,11,0
61,12,0
61,13,0
61,14,0
61,15,0
61,16,0
61,17,0
61,18,0
61,19,0
61,20,0
61,21,0
61,22,0
61,23,1
61,24,0
61,25,0
61,26,0
61,27,0
62,1,0
62,2,0
62,3,0
62,4,0
62,5,0
62,6,0
62,7,0
62,8,0
62,9,0
62,10,0
62,11,0
62,12,0
62,13,0
62,14,0
62,15,0
62,16,0
62,17,0
62,18,0
62,19,0
62,20,0
62,21,1
62,22,0
62,23,0
62,24,0
62,25,0
62,26,0
62,27,0
63,1,0
63,2,0
63,3,0
63,4,0
63,5,0
63,6,0
63,7,0
63,8,0
63,9,0
63,10,0
63,11,0
63,12,0
63,13,0
63,14,0
63,15,0
63,16,0
63,17,0
63,18,0
63,19,0
63,20,0
63,21,0
63,22,0
63,23,1
63,24,0
63,25,0
63,26,0
63,27,0
64,1,0
64,2,0
64,3,0
64,4,0
64,5,0
64,6,0
64,7,0
64,8,0
64,9,0
64,10,0
64,11,0
64,12,0
64,13,0
64,14,0
64,15,0
64,16,0
64,17,0
64,18,0
64,19,0
64,20,0
64,21,0
64,22,0
64,23,1
64,24,0
64,25,0
64,26,0
64,27,0
65,1,0
65,2,0
65,3,0
65,4,0
65,5,0
65,6,0
65,7,0
65,8,0
65,9,0
65,10,0
65,11,0
65,12,0
65,13,0
65,14,0
65,15,0
65,16,0
65,17,0
65,18,0
65,19,0
65,20,0
65,21,1
65,22,0
65,23,0
65,24,0
65,25,0
65,26,0
65,27,0
66,1,0
66,2,0
66,3,0
66,4,0
66,5,0
66,6,0
66,7,0
66,8,0
66,9,0
66,10,0
66,11,0
66,12,0
66,13,0
66,14,0
66,15,0
66,16,0
66,17,0
66,18,0
66,19,0
66,20,0
66,21,0
66,22,0
66,23,1
66,24,0
66,25,0
66,26,0
66,27,0
67,1,0
67,2,0
67,3,0
67,4,0
67,5,0
67,6,0
67,7,0
67,8,0
67,9,0
67,10,0
67,11,0
67,12,0
67,13,0
67,14,0
67,15,0
67,16,0
67,17,0
67,18,0
67,19,0
67,20,0
67,21,0
67,22,0
67,23,0
67,24,1
67,25,0
67,26,0
67,27,0
68,1,0
68,2,0
68,3,1
68,4,0
68,5,0
68,6,0
68,7,0
68,8,0
68,9,0
68,10,0
68,11,0
68,12,0
68,13,0
68,14,0
68,15,0
68,16,0
68,17,0
68,18,0
68,19,0
68,20,0
68,21,0
68,22,0
68,23,0
68,24,0
68,25,0
68,26,0
68,27,0
69,1,0
69,2,0
69,3,0
69,4,0
69,5,0
69,6,0
69,7,0
69,8,0
69,9,0
69,10,0
69,11,0
69,12,0
69,13,0
69,14,0
69,15,0
69,16,0
69,17,0
69,18,0
69,19,0
69,20,0
69,21,0
69,22,0
69,23,0
69,24,1
69,25,0
69,26,0
69,27,0
70,1,0
70,2,0
70,3,1
70,4,0
70,5,0
70,6,0
70,7,0
70,8,0
70,9,0
70,10,0
70,11,0
70,12,0
70,13,0
70,14,0
70,15,0
70,16,0
70,17,0
70,18,0
70,19,0
70,20,0
70,21,0
70,22,0
70,23,0
70,24,0
70,25,0
70,26,0
70,27,0
71,1,0
71,2,0
71,3,0
71,4,0
71,5,0
71,6,0
71,7,0
71,8,0
71,9,0
71,10,0
71,11,0
71,12,0
71,13,0
71,14,0
71,15,0
71,16,0
71,17,0
71,18,0
71,19,0
71,20,0
71,21,0
71,22,0
71,23,0
71,24,1
71,25,0
71,26,0
71,27,0
72,1,0
72,2,0
72,3,0
72,4,0
72,5,0
72,6,0
72,7,0
72,8,0
72,9,0
72,10,0
72,11,0
72,12,0
72,13,0
72,14,0
72,15,0
72,16,0
72,17,0
72,18,0
72,19,0
72,20,0
72,21,0
72,22,0
72,23,0
72,24,1
72,25,0
72,26,0
72,27,0
73,1,0
73,2,0
73,3,1
73,4,0
73,5,0
73,6,0
73,7,0
73,8,0
73,9,0
73,10,0
73,11,0
73,12,0
73,13,0
73,14,0
73,15,0
73,16,0
73,17,0
73,18,0
73,19,0
73,20,0
73,21,0
73,22,0
73,23,0
73,24,0
73,25,0
73,26,0
73,27,0
74,1,0
74,2,0
74,3,0
74,4,0
74,5,0
74,6,0
74,7,0
74,8,0
74,9,0
74,10,0
74,11,0
74,12,0
74,13,0
74,14,0
74,15,0
74,16,0
74,17,0
74,18,0
74,19,0
74,20,0
74,21,0
74,22,0
74,23,0
74,24,1
74,25,0
74,26,0
74,27,0
75,1,0
75,2,0
75,3,0
75,4,0
75,5,0
75,6,0
75,7,0
75,8,0
75,9,0
75,10,0
75,11,0
75,12,0
75,13,0
75,14,0
75,15,0
75,16,0
75,17,0
75,18,0
75,19,0
75,20,0
75,21,0
75,22,0
75,23,0
75,24,1
75,25,0
75,26,0
75,27,0
76,1,0
76,2,0
76,3,0
76,4,0
76,5,0
76,6,0
76,7,0
76,8,0
76,9,0
76,10,0
76,11,0
76,12,0
76,13,0
76,14,0
76,15,0
76,16,0
76,17,0
76,18,0
76,19,0
76,20,0
76,21,0
76,22,0
76,23,0
76,24,0
76,25,0
76,26,0
76,27,1
77,1,0
77,2,0
77,3,0
77,4,0
77,5,0
77,6,0
77,7,0
77,8,0
77,9,0
77,10,0
77,11,0
77,12,0
77,13,0
77,14,0
77,15,0
77,16,0
77,17,0
77,18,0
77,19,0
77,20,0
77,21,0
77,22,0
77,23,0
77,24,1
77,25,0
77,26,0
77,27,0
78,1,0
78,2,0
78,3,0
78,4,0
78,5,0
78,6,0
78,7,0
78,8,0
78,9,0
78,10,0
78,11,0
78,12,0
78,13,0
78,14,0
78,15,0
78,16,0
78,17,0
78,18,0
78,19,0
78,20,0
78,21,0
78,22,0
78,23,0
78,24,1
78,25,0
78,26,0
78,27,0
79,1,0
79,2,0
79,3,0
79,4,0
79,5,0
79,6,0
79,7,0
79,8,0
79,9,0
79,10,0
79,11,0
79,12,0
79,13,0
79,14,0
79,15,0
79,16,0
79,17,0
79,18,0
79,19,0
79,20,0
79,21,0
79,22,0
79,23,0
79,24,0
79,25,0
79,26,0
79,27,1
80,1,0
80,2,0
80,3,0
80,4,0
80,5,0
80,6,0
80,7,0
80,8,0
80,9,0
80,10,0
80,11,0
80,12,0
80,13,0
80,14,0
80,15,0
80,16,0
80,17,0
80,18,0
80,19,0
80,20,0
80,21,0
80,22,0
80,23,0
80,24,1
80,25,0
80,26,0
80,27,0
81,1,0
81,2,0
81,3,0
81,4,0
81,5,0
81,6,0
81,7,0
81,8,0
81,9,0
81,10,0
81,11,0
81,12,0
81,13,0
81,14,0
81,15,0
81,16,0
81,17,0
81,18,0
81,19,0
81,20,0
81,21,0
81,22,0
81,23,0
81,24,0
81,25,0
81,26,1
81,27,0
82,1,0
82,2,0
82,3,0
82,4,0
82,5,0
82,6,0
82,7,0
82,8,0
82,9,0
82,10,0
82,11,0
82,12,0
82,13,0
82,14,0
82,15,0
82,16,0
82,17,0
82,18,0
82,19,0
82,20,0
82,21,0
82,22,0
82,23,0
82,24,1
82,25,0
82,26,0
82,27,0
83,1,0
83,2,0
83,3,1
83,4,0
83,5,0
83,6,0
83,7,0
83,8,0
83,9,0
83,10,0
83,11,0
83,12,0
83,13,0
83,14,0
83,15,0
83,16,0
83,17,0
83,18,0
83,19,0
83,20,0
83,21,0
83,22,0
83,23,0
83,24,0
83,25,0
83,26,0
83,27,0
84,1,0
84,2,0
84,3,0
84,4,0
84,5,0
84,6,0
84,7,0
84,8,0
84,9,0
84,10,0
84,11,0
84,12,0
84,13,0
84,14,0
84,15,0
84,16,0
84,17,0
84,18,0
84,19,0
84,20,0
84,21,0
84,22,0
84,23,0
84,24,1
84,25,0
84,26,0
84,27,0
85,1,0
85,2,0
85,3,0
85,4,0
85,5,0
85,6,0
85,7,0
85,8,0
85,9,0
85,10,0
85,11,0
85,12,0
85,13,0
85,14,0
85,15,0
85,16,0
85,17,0
85,18,0
85,19,0
85,20,0
85,21,0
85,22,0
85,23,0
85,24,0
85,25,0
85,26,1
85,27,0
86,1,0
86,2,0
86,3,0
86,4,0
86,5,0
86,6,0
86,7,0
86,8,0
86,9,0
86,10,0
86,11,0
86,12,0
86,13,0
86,14,0
86,15,0
86,16,0
86,17,0
86,18,0
86,19,0
86,20,0
86,21,0
86,22,0
86,23,0
86,24,0
86,25,0
86,26,1
86,27,0
87,1,0
87,2,0
87,3,0
87,4,0
87,5,0
87,6,0
87,7,0
87,8,0
87,9,0
87,10,0
87,11,0
87,12,0
87,13,0
87,14,0
87,15,0
87,16,0
87,17,0
87,18,0
87,19,0
87,20,0
87,21,0
87,22,0
87,23,0
87,24,0
87,25,0
87,26,1
87,27,0
88,1,0
88,2,0
88,3,0
88,4,0
88,5,0
88,6,0
88,7,0
88,8,0
88,9,0
88,10,0
88,11,0
88,12,0
88,13,0
88,14,0
88,15,0
88,16,0
88,17,0
88,18,0
88,19,0
88,20,0
88,21,0
88,22,0
88,23,0
88,24,1
88,25,0
88,26,0
88,27,0
89,1,0
89,2,0
89,3,0
89,4,0
89,5,0
89,6,0
89,7,0
89,8,0
89,9,0
89,10,0
89,11,0
89,12,0
89,13,0
89,14,0
89,15,0
89,16,0
89,17,0
89,18,0
89,19,0
89,20,0
89,21,0
89,22,0
89,23,0
89,24,1
89,25,0
89,26,0
89,27,0
90,1,0
90,2,0
90,3,0
90,4,0
90,5,0
90,6,0
90,7,0
90,8,0
90,9,0
90,10,0
90,11,0
90,12,0
90,13,0
90,14,0
90,15,0
90,16,0
90,17,0
90,18,0
90,19,0
90,20,0
90,21,0
90,22,0
90,23,0
90,24,1
90,25,0
90,26,0
90,27,0
91,1,0
91,2,0
91,3,0
91,4,0
91,5,0
91,6,0
91,7,0
91,8,0
91,9,0
91,10,0
91,11,0
91,12,0
91,13,0
91,14,0
91,15,0
91,16,0
91,17,0
91,18,0
91,19,0
91,20,0
91,21,0
91,22,0
91,23,0
91,24,1
91,25,0
91,26,0
91,27,0
92,1,0
92,2,0
92,3,0
92,4,0
92,5,0
92,6,0
92,7,0
92,8,0
92,9,0
92,10,0
92,11,0
92,12,0
92,13,0
92,14,0
92,15,0
92,16,0
92,17,0
92,18,0
92,19,0
92,20,0
92,21,0
92,22,0
92,23,0
92,24,0
92,25,0
92,26,1
92,27,0
93,1,0
93,2,0
93,3,0
93,4,0
93,5,0
93,6,0
93,7,0
93,8,0
93,9,0
93,10,0
93,11,0
93,12,0
93,13,0
93,14,0
93,15,0
93,16,0
93,17,0
93,18,0
93,19,0
93,20,0
93,21,0
93,22,0
93,23,0
93,24,1
93,25,0
93,26,0
93,27,0
94,1,0
94,2,0
94,3,1
94,4,0
94,5,0
94,6,0
94,7,0
94,8,0
94,9,0
94,10,0
94,11,0
94,12,0
94,13,0
94,14,0
94,15,0
94,16,0
94,17,0
94,18,0
94,19,0
94,20,0
94,21,0
94,22,0
94,23,0
94,24,0
94,25,0
94,26,0
94,27,0
95,1,0
95,2,0
95,3,1
95,4,0
95,5,0
95,6,0
95,7,0
95,8,0
95,9,0
95,10,0
95,11,0
95,12,0
95,13,0
95,14,0
95,15,0
95,16,0
95,17,0
95,18,0
95,19,0
95,20,0
95,21,0
95,22,0
95,23,0
95,24,0
95,25,0
95,26,0
95,27,0
96,1,0
96,2,0
96,3,1
96,4,0
96,5,0
96,6,0
96,7,0
96,8,0
96,9,0
96,10,0
96,11,0
96,12,0
96,13,0
96,14,0
96,15,0
96,16,0
96,17,0
96,18,0
96,19,0
96,20,0
96,21,0
96,22,0
96,23,0
96,24,0
96,25,0
96,26,0
96,27,0
97,1,0
97,2,0
97,3,0
97,4,0
97,5,0
97,6,0
97,7,0
97,8,0
97,9,0
97,10,0
97,11,0
97,12,0
97,13,0
97,14,0
97,15,0
97,16,0
97,17,0
97,18,0
97,19,0
97,20,0
97,21,0
97,22,0
97,23,0
97,24,0
97,25,0
97,26,1
97,27,0
98,1,0
98,2,0
98,3,1
98,4,0
98,5,0
98,6,0
98,7,0
98,8,0
98,9,0
98,10,0
98,11,0
98,12,0
98,13,0
98,14,0
98,15,0
98,16,0
98,17,0
98,18,0
98,19,0
98,20,0
98,21,0
98,22,0
98,23,0
98,24,0
98,25,0
98,26,0
98,27,0
99,1,0
99,2,0
99,3,1
99,4,0
99,5,0
99,6,0
99,7,0
99,8,0
99,9,0
99,10,0
99,11,0
99,12,0
99,13,0
99,14,0
99,15,0
99,16,0
99,17,0
99,18,0
99,19,0
99,20,0
99,21,0
99,22,0
99,23,0
99,24,0
99,25,0
99,26,0
99,27,0
100,1,0
100,2,0
100,3,0
100,4,0
100,5,0
100,6,0
100,7,0
100,8,0
100,9,0
100,10,0
100,11,0
100,12,0
100,13,0
100,14,0
100,15,0
100,16,0
100,17,0
100,18,0
100,19,0
100,20,0
100,21,0
100,22,0
100,23,0
100,24,0
100,25,0
100,26,0
100,27,1
101,1,0
101,2,0
101,3,0
101,4,0
101,5,0
101,6,0
101,7,0
101,8,0
101,9,0
101,10,0
101,11,0
101,12,0
101,13,0
101,14,0
101,15,0
101,16,0
101,17,0
101,18,0
101,19,0
101,20,0
101,21,0
101,22,0
101,23,0
101,24,0
101,25,0
101,26,1
101,27,0
102,1,0
102,2,0
102,3,1
102,4,0
102,5,0
102,6,0
102,7,0
102,8,0
102,9,0
102,10,0
102,11,0
102,12,0
102,13,0
102,14,0
102,15,0
102,16,0
102,17,0
102,18,0
102,19,0
102,20,0
102,21,0
102,22,0
102,23,0
102,24,0
102,25,0
102,26,0
102,27,0
103,1,0
103,2,0
103,3,0
103,4,0
103,5,0
103,6,0
103,7,0
103,8,0
103,9,0
103,10,0
103,11,0
103,12,0
103,13,0
103,14,0
103,15,0
103,16,0
103,17,0
103,18,0
103,19,0
103,20,0
103,21,1
103,22,0
103,23,0
103,24,0
103,25,0
103,26,0
103,27,0
104,1,0
104,2,0
104,3,1
104,4,0
104,5,0
104,6,0
104,7,0
104,8,0
104,9,0
104,10,0
104,11,0
104,12,0
104,13,0
104,14,0
104,15,0
104,16,0
104,17,0
104,18,0
104,19,0
104,20,0
104,21,0
104,22,0
104,23,0
104,24,0
104,25,0
104,26,0
104,27,0
105,1,0
105,2,0
105,3,1
105,4,0
105,5,0
105,6,0
105,7,0
105,8,0
105,9,0
105,10,0
105,11,0
105,12,0
105,13,0
105,14,0
105,15,0
105,16,0
105,17,0
105,18,0
105,19,0
105,20,0
105,21,0
105,22,0
105,23,0
105,24,0
105,25,0
105,26,0
105,27,0
106,1,0
106,2,0
106,3,0
106,4,0
106,5,0
106,6,0
106,7,0
106,8,0
106,9,0
106,10,0
106,11,0
106,12,0
106,13,0
106,14,0
106,15,0
106,16,0
106,17,0
106,18,0
106,19,0
106,20,0
106,21,0
106,22,0
106,23,0
106,24,0
106,25,0
106,26,1
106,27,0
107,1,0
107,2,0
107,3,1
107,4,0
107,5,0
107,6,0
107,7,0
107,8,0
107,9,0
107,10,0
107,11,0
107,12,0
107,13,0
107,14,0
107,15,0
107,16,0
107,17,0
107,18,0
107,19,0
107,20,0
107,21,0
107,22,0
107,23,0
107,24,0
107,25,0
107,26,0
107,27,0
108,1,0
108,2,0
108,3,1
108,4,0
108,5,0
108,6,0
108,7,0
108,8,0
108,9,0
108,10,0
108,11,0
108,12,0
108,13,0
108,14,0
108,15,0
108,16,0
108,17,0
108,18,0
108,19,0
108,20,0
108,21,0
108,22,0
108,23,0
108,24,0
108,25,0
108,26,0
108,27,0
109,1,0
109,2,0
109,3,1
109,4,0
109,5,0
109,6,0
109,7,0
109,8,0
109,9,0
109,10,0
109,11,0
109,12,0
109,13,0
109,14,0
109,15,0
109,16,0
109,17,0
109,18,0
109,19,0
109,20,0
109,21,0
109,22,0
109,23,0
109,24,0
109,25,0
109,26,0
109,27,0
110,1,0
110,2,0
110,3,1
110,4,0
110,5,0
110,6,0
110,7,0
110,8,0
110,9,0
110,10,0
110,11,0
110,12,0
110,13,0
110,14,0
110,15,0
110,16,0
110,17,0
110,18,0
110,19,0
110,20,0
110,21,0
110,22,0
110,23,0
110,24,0
110,25,0
110,26,0
110,27,0
111,1,0
111,2,0
111,3,1
111,4,0
111,5,0
111,6,0
111,7,0
111,8,0
111,9,0
111,10,0
111,11,0
111,12,0
111,13,0
111,14,0
111,15,0
111,16,0
111,17,0
111,18,0
111,19,0
111,20,0
111,21,0
111,22,0
111,23,0
111,24,0
111,25,0
111,26,0
111,27,0
112,1,0
112,2,0
112,3,1
112,4,0
112,5,0
112,6,0
112,7,0
112,8,0
112,9,0
112,10,0
112,11,0
112,12,0
112,13,0
112,14,0
112,15,0
112,16,0
112,17,0
112,18,0
112,19,0
112,20,0
112,21,0
112,22,0
112,23,0
112,24,0
112,25,0
112,26,0
112,27,0
113,1,0
113,2,0
113,3,1
113,4,0
113,5,0
113,6,0
113,7,0
113,8,0
113,9,0
113,10,0
113,11,0
113,12,0
113,13,0
113,14,0
113,15,0
113,16,0
113,17,0
113,18,0
113,19,0
113,20,0
113,21,0
113,22,0
113,23,0
113,24,0
113,25,0
113,26,0
113,27,0
114,1,0
114,2,0
114,3,1
114,4,0
114,5,0
114,6,0
114,7,0
114,8,0
114,9,0
114,10,0
114,11,0
114,12,0
114,13,0
114,14,0
114,15,0
114,16,0
114,17,0
114,18,0
114,19,0
114,20,0
114,21,0
114,22,0
114,23,0
114,24,0
114,25,0
114,26,0
114,27,0
115,1,0
115,2,0
115,3,0
115,4,0
115,5,0
115,6,0
115,7,0
115,8,0
115,9,0
115,10,0
115,11,0
115,12,0
115,13,0
115,14,0
115,15,0
115,16,0
115,17,0
115,18,0
115,19,0
115,20,0
115,21,0
115,22,0
115,23,0
115,24,0
115,25,0
115,26,1
115,27,0
116,1,0
116,2,0
116,3,1
116,4,0
116,5,0
116,6,0
116,7,0
116,8,0
116,9,0
116,10,0
116,11,0
116,12,0
116,13,0
116,14,0
116,15,0
116,16,0
116,17,0
116,18,0
116,19,0
116,20,0
116,21,0
116,22,0
116,23,0
116,24,0
116,25,0
116,26,0
116,27,0
117,1,0
117,2,0
117,3,1
117,4,0
117,5,0
117,6,0
117,7,0
117,8,0
117,9,0
117,10,0
117,11,0
117,12,0
117,13,0
117,14,0
117,15,0
117,16,0
117,17,0
117,18,0
117,19,0
117,20,0
117,21,0
117,22,0
117,23,0
117,24,0
117,25,0
117,26,0
117,27,0
118,1,0
118,2,0
118,3,1
118,4,0
118,5,0
118,6,0
118,7,0
118,8,0
118,9,0
118,10,0
118,11,0
118,12,0
118,13,0
118,14,0
118,15,0
118,16,0
118,17,0
118,18,0
118,19,0
118,20,0
118,21,0
118,22,0
118,23,0
118,24,0
118,25,0
118,26,0
118,27,0
119,1,0
119,2,0
119,3,1
119,4,0
119,5,0
119,6,0
119,7,0
119,8,0
119,9,0
119,10,0
119,11,0
119,12,0
119,13,0
119,14,0
119,15,0
119,16,0
119,17,0
119,18,0
119,19,0
119,20,0
119,21,0
119,22,0
119,23,0
119,24,0
119,25,0
119,26,0
119,27,0
120,1,0
120,2,0
120,3,1
120,4,0
120,5,0
120,6,0
120,7,0
120,8,0
120,9,0
120,10,0
120,11,0
120,12,0
120,13,0
120,14,0
120,15,0
120,16,0
120,17,0
120,18,0
120,19,0
120,20,0
120,21,0
120,22,0
120,23,0
120,24,0
120,25,0
120,26,0
120,27,0
121,1,0
121,2,0
121,3,1
121,4,0
121,5,0
121,6,0
121,7,0
121,8,0
121,9,0
121,10,0
121,11,0
121,12,0
121,13,0
121,14,0
121,15,0
121,16,0
121,17,0
121,18,0
121,19,0
121,20,0
121,21,0
121,22,0
121,23,0
121,24,0
121,25,0
121,26,0
121,27,0
122,1,0
122,2,0
122,3,0
122,4,0
122,5,0
122,6,0
122,7,0
122,8,0
122,9,0
122,10,0
122,11,0
122,12,0
122,13,0
122,14,0
122,15,0
122,16,0
122,17,0
122,18,0
122,19,0
122,20,0
122,21,0
122,22,0
122,23,0
122,24,0
122,25,0
122,26,1
122,27,0
123,1,0
123,2,0
123,3,1
123,4,0
123,5,0
123,6,0
123,7,0
123,8,0
123,9,0
123,10,0
123,11,0
123,12,0
123,13,0
123,14,0
123,15,0
123,16,0
123,17,0
123,18,0
123,19,0
123,20,0
123,21,0
123,22,0
123,23,0
123,24,0
123,25,0
123,26,0
123,27,0
124,1,0
124,2,0
124,3,0
124,4,0
124,5,0
124,6,0
124,7,0
124,8,0
124,9,0
124,10,0
124,11,0
124,12,0
124,13,0
124,14,0
124,15,0
124,16,0
124,17,0
124,18,0
124,19,0
124,20,0
124,21,0
124,22,0
124,23,0
124,24,0
124,25,0
124,26,1
124,27,0
125,1,0
125,2,0
125,3,1
125,4,0
125,5,0
125,6,0
125,7,0
125,8,0
125,9,0
125,10,0
125,11,0
125,12,0
125,13,0
125,14,0
125,15,0
125,16,0
125,17,0
125,18,0
125,19,0
125,20,0
125,21,0
125,22,0
125,23,0
125,24,0
125,25,0
125,26,0
125,27,0
126,1,0
126,2,0
126,3,1
126,4,0
126,5,0
126,6,0
126,7,0
126,8,0
126,9,0
126,10,0
126,11,0
126,12,0
126,13,0
126,14,0
126,15,0
126,16,0
126,17,0
126,18,0
126,19,0
126,20,0
126,21,0
126,22,0
126,23,0
126,24,0
126,25,0
126,26,0
126,27,0
127,1,0
127,2,0
127,3,1
127,4,0
127,5,0
127,6,0
127,7,0
127,8,0
127,9,0
127,10,0
127,11,0
127,12,0
127,13,0
127,14,0
127,15,0
127,16,0
127,17,0
127,18,0
127,19,0
127,20,0
127,21,0
127,22,0
127,23,0
127,24,0
127,25,0
127,26,0
127,27,0
128,1,0
128,2,0
128,3,1
128,4,0
128,5,0
128,6,0
128,7,0
128,8,0
128,9,0
128,10,0
128,11,0
128,12,0
128,13,0
128,14,0
128,15,0
128,16,0
128,17,0
128,18,0
128,19,0
128,20,0
128,21,0
128,22,0
128,23,0
128,24,0
128,25,0
128,26,0
128,27,0
129,1,0
129,2,0
129,3,1
129,4,0
129,5,0
129,6,0
129,7,0
129,8,0
129,9,0
129,10,0
129,11,0
129,12,0
129,13,0
129,14,0
129,15,0
129,16,0
129,17,0
129,18,0
129,19,0
129,20,0
129,21,0
129,22,0
129,23,0
129,24,0
129,25,0
129,26,0
129,27,0
130,1,0
130,2,0
130,3,1
130,4,0
130,5,0
130,6,0
130,7,0
130,8,0
130,9,0
130,10,0
130,11,0
130,12,0
130,13,0
130,14,0
130,15,0
130,16,0
130,17,0
130,18,0
130,19,0
130,20,0
130,21,0
130,22,0
130,23,0
130,24,0
130,25,0
130,26,0
130,27,0
131,1,0
131,2,0
131,3,1
131,4,0
131,5,0
131,6,0
131,7,0
131,8,0
131,9,0
131,10,0
131,11,0
131,12,0
131,13,0
131,14,0
131,15,0
131,16,0
131,17,0
131,18,0
131,19,0
131,20,0
131,21,0
131,22,0
131,23,0
131,24,0
131,25,0
131,26,0
131,27,0
132,1,0
132,2,0
132,3,1
132,4,0
132,5,0
132,6,0
132,7,0
132,8,0
132,9,0
132,10,0
132,11,0
132,12,0
132,13,0
132,14,0
132,15,0
132,16,0
132,17,0
132,18,0
132,19,0
132,20,0
132,21,0
132,22,0
132,23,0
132,24,0
132,25,0
132,26,0
132,27,0
133,1,0
133,2,0
133,3,1
133,4,0
133,5,0
133,6,0
133,7,0
133,8,0
133,9,0
133,10,0
133,11,0
133,12,0
133,13,0
133,14,0
133,15,0
133,16,0
133,17,0
133,18,0
133,19,0
133,20,0
133,21,0
133,22,0
133,23,0
133,24,0
133,25,0
133,26,0
133,27,0
134,1,0
134,2,0
134,3,1
134,4,0
134,5,0
134,6,0
134,7,0
134,8,0
134,9,0
134,10,0
134,11,0
134,12,0
134,13,0
134,14,0
134,15,0
134,16,0
134,17,0
134,18,0
134,19,0
134,20,0
134,21,0
134,22,0
134,23,0
134,24,0
134,25,0
134,26,0
134,27,0
135,1,0
135,2,0
135,3,1
135,4,0
135,5,0
135,6,0
135,7,0
135,8,0
135,9,0
135,10,0
135,11,0
135,12,0
135,13,0
135,14,0
135,15,0
135,16,0
135,17,0
135,18,0
135,19,0
135,20,0
135,21,0
135,22,0
135,23,0
135,24,0
135,25,0
135,26,0
135,27,0
136,1,0
136,2,0
136,3,0
136,4,0
136,5,0
136,6,0
136,7,0
136,8,0
136,9,0
136,10,0
136,11,0
136,12,0
136,13,0
136,14,0
136,15,0
136,16,0
136,17,0
136,18,0
136,19,0
136,20,0
136,21,0
136,22,0
136,23,0
136,24,0
136,25,0
136,26,1
136,27,0
137,1,0
137,2,0
137,3,1
137,4,0
137,5,0
137,6,0
137,7,0
137,8,0
137,9,0
137,10,0
137,11,0
137,12,0
137,13,0
137,14,0
137,15,0
137,16,0
137,17,0
137,18,0
137,19,0
137,20,0
137,21,0
137,22,0
137,23,0
137,24,0
137,25,0
137,26,0
137,27,0
138,1,0
138,2,0
138,3,0
138,4,0
138,5,0
138,6,0
138,7,0
138,8,0
138,9,0
138,10,0
138,11,0
138,12,0
138,13,0
138,14,0
138,15,0
138,16,0
138,17,0
138,18,0
138,19,0
138,20,0
138,21,0
138,22,0
138,23,0
138,24,1
138,25,0
138,26,0
138,27,0
139,1,0
139,2,0
139,3,0
139,4,0
139,5,0
139,6,0
139,7,0
139,8,0
139,9,0
139,10,0
139,11,0
139,12,0
139,13,0
139,14,0
139,15,0
139,16,0
139,17,0
139,18,0
139,19,0
139,20,0
139,21,0
139,22,0
139,23,0
139,24,1
139,25,0
139,26,0
139,27,0
140,1,0
140,2,0
140,3,0
140,4,0
140,5,0
140,6,0
140,7,0
140,8,0
140,9,0
140,10,0
140,11,0
140,12,0
140,13,0
140,14,0
140,15,0
140,16,0
140,17,0
140,18,0
140,19,0
140,20,0
140,21,0
140,22,0
140,23,0
140,24,1
140,25,0
140,26,0
140,27,0
141,1,0
141,2,0
141,3,0
141,4,0
141,5,0
141,6,0
141,7,0
141,8,0
141,9,0
141,10,0
141,11,0
141,12,0
141,13,0
141,14,0
141,15,0
141,16,0
141,17,0
141,18,0
141,19,0
141,20,0
141,21,0
141,22,0
141,23,0
141,24,1
141,25,0
141,26,0
141,27,0
142,1,0
142,2,0
142,3,0
142,4,0
142,5,0
142,6,0
142,7,0
142,8,0
142,9,0
142,10,0
142,11,0
142,12,0
142,13,0
142,14,0
142,15,0
142,16,0
142,17,0
142,18,0
142,19,0
142,20,0
142,21,0
142,22,0
142,23,0
142,24,1
142,25,0
142,26,0
142,27,0
143,1,0
143,2,0
143,3,0
143,4,0
143,5,0
143,6,0
143,7,0
143,8,0
143,9,0
143,10,0
143,11,0
143,12,0
143,13,0
143,14,0
143,15,0
143,16,0
143,17,0
143,18,0
143,19,0
143,20,0
143,21,0
143,22,0
143,23,0
143,24,1
143,25,0
143,26,0
143,27,0
144,1,0
144,2,0
144,3,0
144,4,0
144,5,0
144,6,0
144,7,0
144,8,0
144,9,0
144,10,0
144,11,0
144,12,0
144,13,0
144,14,0
144,15,0
144,16,0
144,17,0
144,18,0
144,19,0
144,20,0
144,21,0
144,22,0
144,23,0
144,24,1
144,25,0
144,26,0
144,27,0
145,1,0
145,2,0
145,3,0
145,4,0
145,5,0
145,6,0
145,7,0
145,8,0
145,9,0
145,10,0
145,11,0
145,12,0
145,13,0
145,14,0
145,15,0
145,16,0
145,17,0
145,18,0
145,19,0
145,20,0
145,21,0
145,22,0
145,23,0
145,24,1
145,25,0
145,26,0
145,27,0
146,1,0
146,2,0
146,3,0
146,4,0
146,5,0
146,6,0
146,7,0
146,8,0
146,9,0
146,10,0
146,11,0
146,12,0
146,13,0
146,14,0
146,15,0
146,16,0
146,17,0
146,18,0
146,19,0
146,20,0
146,21,0
146,22,0
146,23,0
146,24,1
146,25,0
146,26,0
146,27,0
147,1,0
147,2,0
147,3,0
147,4,0
147,5,0
147,6,0
147,7,0
147,8,0
147,9,0
147,10,0
147,11,0
147,12,0
147,13,0
147,14,0
147,15,0
147,16,0
147,17,0
147,18,0
147,19,0
147,20,0
147,21,0
147,22,0
147,23,1
147,24,0
147,25,0
147,26,0
147,27,0
148,1,0
148,2,0
148,3,0
148,4,0
148,5,0
148,6,0
148,7,0
148,8,0
148,9,0
148,10,0
148,11,0
148,12,0
148,13,0
148,14,0
148,15,0
148,16,0
148,17,0
148,18,0
148,19,0
148,20,0
148,21,0
148,22,0
148,23,1
148,24,0
148,25,0
148,26,0
148,27,0
149,1,0
149,2,0
149,3,0
149,4,0
149,5,0
149,6,0
149,7,0
149,8,0
149,9,0
149,10,0
149,11,0
149,12,0
149,13,0
149,14,0
149,15,0
149,16,0
149,17,0
149,18,0
149,19,0
149,20,0
149,21,0
149,22,0
149,23,0
149,24,1
149,25,0
149,26,0
149,27,0
150,1,0
150,2,0
150,3,0
150,4,0
150,5,0
150,6,0
150,7,0
150,8,0
150,9,0
150,10,0
150,11,0
150,12,0
150,13,0
150,14,0
150,15,0
150,16,0
150,17,0
150,18,0
150,19,0
150,20,0
150,21,0
150,22,0
150,23,0
150,24,0
150,25,1
150,26,0
150,27,0
151,1,0
151,2,0
151,3,0
151,4,0
151,5,0
151,6,0
151,7,0
151,8,0
151,9,0
151,10,0
151,11,0
151,12,0
151,13,0
151,14,0
151,15,0
151,16,0
151,17,0
151,18,0
151,19,0
151,20,0
151,21,0
151,22,0
151,23,0
151,24,1
151,25,0
151,26,0
151,27,0
152,1,0
152,2,0
152,3,0
152,4,0
152,5,0
152,6,0
152,7,0
152,8,0
152,9,0
152,10,0
152,11,0
152,12,0
152,13,0
152,14,0
152,15,0
152,16,0
152,17,0
152,18,0
152,19,0
152,20,0
152,21,0
152,22,0
152,23,0
152,24,1
152,25,0
152,26,0
152,27,0
153,1,0
153,2,0
153,3,0
153,4,0
153,5,0
153,6,0
153,7,0
153,8,0
153,9,0
153,10,0
153,11,0
153,12,0
153,13,0
153,14,0
153,15,0
153,16,0
153,17,0
153,18,0
153,19,0
153,20,0
153,21,0
153,22,0
153,23,1
153,24,0
153,25,0
153,26,0
153,27,0
154,1,0
154,2,0
154,3,0
154,4,0
154,5,0
154,6,0
154,7,0
154,8,0
154,9,0
154,10,0
154,11,0
154,12,0
154,13,0
154,14,0
154,15,0
154,16,0
154,17,0
154,18,0
154,19,0
154,20,0
154,21,0
154,22,0
154,23,0
154,24,1
154,25,0
154,26,0
154,27,0
155,1,0
155,2,0
155,3,0
155,4,0
155,5,0
155,6,0
155,7,0
155,8,0
155,9,0
155,10,0
155,11,0
155,12,0
155,13,0
155,14,0
155,15,0
155,16,0
155,17,0
155,18,0
155,19,0
155,20,0
155,21,0
155,22,0
155,23,1
155,24,0
155,25,0
155,26,0
155,27,0
156,1,0
156,2,0
156,3,0
156,4,0
156,5,0
156,6,0
156,7,0
156,8,0
156,9,0
156,10,0
156,11,0
156,12,0
156,13,0
156,14,0
156,15,0
156,16,0
156,17,0
156,18,0
156,19,0
156,20,0
156,21,0
156,22,0
156,23,0
156,24,1
156,25,0
156,26,0
156,27,0
157,1,0
157,2,0
157,3,0
157,4,0
157,5,0
157,6,0
157,7,0
157,8,0
157,9,0
157,10,0
157,11,0
157,12,0
157,13,0
157,14,0
157,15,0
157,16,0
157,17,0
157,18,0
157,19,0
157,20,0
157,21,0
157,22,0
157,23,0
157,24,1
157,25,0
157,26,0
157,27,0
158,1,0
158,2,0
158,3,0
158,4,0
158,5,0
158,6,0
158,7,0
158,8,0
158,9,0
158,10,0
158,11,0
158,12,0
158,13,0
158,14,0
158,15,0
158,16,0
158,17,0
158,18,0
158,19,0
158,20,0
158,21,0
158,22,0
158,23,1
158,24,0
158,25,0
158,26,0
158,27,0
159,1,0
159,2,0
159,3,0
159,4,0
159,5,0
159,6,0
159,7,0
159,8,0
159,9,0
159,10,0
159,11,0
159,12,0
159,13,0
159,14,0
159,15,0
159,16,0
159,17,0
159,18,0
159,19,0
159,20,0
159,21,0
159,22,0
159,23,1
159,24,0
159,25,0
159,26,0
159,27,0
160,1,0
160,2,0
160,3,0
160,4,0
160,5,0
160,6,0
160,7,0
160,8,0
160,9,0
160,10,0
160,11,0
160,12,0
160,13,0
160,14,0
160,15,0
160,16,0
160,17,0
160,18,0
160,19,0
160,20,0
160,21,0
160,22,0
160,23,1
160,24,0
160,25,0
160,26,0
160,27,0
161,1,0
161,2,0
161,3,0
161,4,0
161,5,0
161,6,0
161,7,0
161,8,0
161,9,0
161,10,0
161,11,0
161,12,0
161,13,0
161,14,0
161,15,0
161,16,0
161,17,0
161,18,0
161,19,0
161,20,0
161,21,0
161,22,0
161,23,1
161,24,0
161,25,0
161,26,0
161,27,0
162,1,0
162,2,0
162,3,0
162,4,0
162,5,0
162,6,0
162,7,0
162,8,0
162,9,0
162,10,0
162,11,0
162,12,0
162,13,0
162,14,0
162,15,0
162,16,0
162,17,0
162,18,0
162,19,0
162,20,0
162,21,0
162,22,0
162,23,1
162,24,0
162,25,0
162,26,0
162,27,0
163,1,0
163,2,0
163,3,0
163,4,0
163,5,0
163,6,0
163,7,0
163,8,0
163,9,0
163,10,0
163,11,0
163,12,0
163,13,0
163,14,0
163,15,0
163,16,0
163,17,0
163,18,0
163,19,0
163,20,0
163,21,0
163,22,0
163,23,1
163,24,0
163,25,0
163,26,0
163,27,0
164,1,0
164,2,0
164,3,0
164,4,0
164,5,0
164,6,0
164,7,0
164,8,0
164,9,0
164,10,0
164,11,0
164,12,0
164,13,0
164,14,0
164,15,0
164,16,0
164,17,0
164,18,0
164,19,0
164,20,0
164,21,0
164,22,0
164,23,0
164,24,0
164,25,0
164,26,1
164,27,0
165,1,0
165,2,0
165,3,0
165,4,0
165,5,0
165,6,0
165,7,0
165,8,0
165,9,0
165,10,0
165,11,0
165,12,0
165,13,0
165,14,0
165,15,0
165,16,0
165,17,0
165,18,0
165,19,0
165,20,0
165,21,0
165,22,0
165,23,0
165,24,0
165,25,0
165,26,1
165,27,0
166,1,0
166,2,0
166,3,0
166,4,0
166,5,0
166,6,0
166,7,0
166,8,0
166,9,0
166,10,0
166,11,0
166,12,0
166,13,0
166,14,0
166,15,0
166,16,0
166,17,0
166,18,0
166,19,0
166,20,0
166,21,0
166,22,0
166,23,1
166,24,0
166,25,0
166,26,0
166,27,0
167,1,0
167,2,0
167,3,0
167,4,0
167,5,0
167,6,0
167,7,0
167,8,0
167,9,0
167,10,0
167,11,0
167,12,0
167,13,0
167,14,0
167,15,0
167,16,0
167,17,0
167,18,0
167,19,0
167,20,0
167,21,0
167,22,0
167,23,1
167,24,0
167,25,0
167,26,0
167,27,0
168,1,0
168,2,0
168,3,0
168,4,0
168,5,0
168,6,0
168,7,0
168,8,0
168,9,0
168,10,0
168,11,0
168,12,0
168,13,0
168,14,0
168,15,0
168,16,0
168,17,0
168,18,0
168,19,0
168,20,0
168,21,0
168,22,0
168,23,0
168,24,1
168,25,0
168,26,0
168,27,0
169,1,0
169,2,0
169,3,0
169,4,0
169,5,0
169,6,0
169,7,0
169,8,0
169,9,0
169,10,0
169,11,0
169,12,0
169,13,0
169,14,0
169,15,0
169,16,0
169,17,0
169,18,0
169,19,0
169,20,0
169,21,0
169,22,0
169,23,0
169,24,1
169,25,0
169,26,0
169,27,0
170,1,0
170,2,0
170,3,0
170,4,0
170,5,0
170,6,0
170,7,0
170,8,0
170,9,0
170,10,0
170,11,0
170,12,0
170,13,0
170,14,0
170,15,0
170,16,0
170,17,0
170,18,0
170,19,0
170,20,0
170,21,0
170,22,0
170,23,1
170,24,0
170,25,0
170,26,0
170,27,0
171,1,0
171,2,0
171,3,0
171,4,0
171,5,0
171,6,0
171,7,0
171,8,0
171,9,0
171,10,0
171,11,0
171,12,0
171,13,0
171,14,0
171,15,0
171,16,0
171,17,0
171,18,0
171,19,0
171,20,0
171,21,0
171,22,0
171,23,1
171,24,0
171,25,0
171,26,0
171,27,0
172,1,0
172,2,0
172,3,0
172,4,0
172,5,0
172,6,0
172,7,0
172,8,0
172,9,0
172,10,0
172,11,0
172,12,0
172,13,0
172,14,0
172,15,0
172,16,0
172,17,0
172,18,0
172,19,0
172,20,0
172,21,0
172,22,0
172,23,1
172,24,0
172,25,0
172,26,0
172,27,0
173,1,0
173,2,0
173,3,0
173,4,0
173,5,0
173,6,0
173,7,0
173,8,0
173,9,0
173,10,0
173,11,0
173,12,0
173,13,0
173,14,0
173,15,0
173,16,0
173,17,0
173,18,0
173,19,0
173,20,0
173,21,0
173,22,0
173,23,0
173,24,0
173,25,0
173,26,1
173,27,0
174,1,0
174,2,0
174,3,1
174,4,0
174,5,0
174,6,0
174,7,0
174,8,0
174,9,0
174,10,0
174,11,0
174,12,0
174,13,0
174,14,0
174,15,0
174,16,0
174,17,0
174,18,0
174,19,0
174,20,0
174,21,0
174,22,0
174,23,0
174,24,0
174,25,0
174,26,0
174,27,0
175,1,0
175,2,0
175,3,1
175,4,0
175,5,0
175,6,0
175,7,0
175,8,0
175,9,0
175,10,0
175,11,0
175,12,0
175,13,0
175,14,0
175,15,0
175,16,0
175,17,0
175,18,0
175,19,0
175,20,0
175,21,0
175,22,0
175,23,0
175,24,0
175,25,0
175,26,0
175,27,0
176,1,0
176,2,0
176,3,0
176,4,0
176,5,0
176,6,0
176,7,0
176,8,0
176,9,0
176,10,0
176,11,0
176,12,0
176,13,0
176,14,0
176,15,0
176,16,0
176,17,0
176,18,0
176,19,0
176,20,0
176,21,0
176,22,0
176,23,0
176,24,1
176,25,0
176,26,0
176,27,0
177,1,0
177,2,0
177,3,0
177,4,0
177,5,0
177,6,0
177,7,0
177,8,0
177,9,0
177,10,0
177,11,0
177,12,0
177,13,0
177,14,0
177,15,0
177,16,0
177,17,0
177,18,0
177,19,0
177,20,0
177,21,0
177,22,0
177,23,0
177,24,1
177,25,0
177,26,0
177,27,0
178,1,0
178,2,0
178,3,0
178,4,0
178,5,0
178,6,0
178,7,0
178,8,0
178,9,0
178,10,0
178,11,0
178,12,0
178,13,0
178,14,0
178,15,0
178,16,0
178,17,0
178,18,0
178,19,0
178,20,0
178,21,0
178,22,0
178,23,0
178,24,1
178,25,0
178,26,0
178,27,0
179,1,0
179,2,0
179,3,0
179,4,0
179,5,0
179,6,0
179,7,0
179,8,0
179,9,0
179,10,0
179,11,0
179,12,0
179,13,0
179,14,0
179,15,0
179,16,0
179,17,0
179,18,0
179,19,0
179,20,0
179,21,0
179,22,0
179,23,0
179,24,1
179,25,0
179,26,0
179,27,0
180,1,0
180,2,0
180,3,0
180,4,0
180,5,0
180,6,0
180,7,0
180,8,0
180,9,0
180,10,0
180,11,0
180,12,0
180,13,0
180,14,0
180,15,0
180,16,0
180,17,0
180,18,0
180,19,0
180,20,0
180,21,0
180,22,0
180,23,0
180,24,1
180,25,0
180,26,0
180,27,0
181,1,0
181,2,0
181,3,0
181,4,0
181,5,0
181,6,0
181,7,0
181,8,0
181,9,0
181,10,0
181,11,0
181,12,0
181,13,0
181,14,0
181,15,0
181,16,0
181,17,0
181,18,0
181,19,0
181,20,0
181,21,0
181,22,0
181,23,0
181,24,1
181,25,0
181,26,0
181,27,0
182,1,0
182,2,0
182,3,1
182,4,0
182,5,0
182,6,0
182,7,0
182,8,0
182,9,0
182,10,0
182,11,0
182,12,0
182,13,0
182,14,0
182,15,0
182,16,0
182,17,0
182,18,0
182,19,0
182,20,0
182,21,0
182,22,0
182,23,0
182,24,0
182,25,0
182,26,0
182,27,0
183,1,0
183,2,0
183,3,0
183,4,0
183,5,0
183,6,0
183,7,0
183,8,0
183,9,0
183,10,0
183,11,0
183,12,0
183,13,0
183,14,0
183,15,0
183,16,0
183,17,0
183,18,0
183,19,0
183,20,0
183,21,0
183,22,0
183,23,0
183,24,1
183,25,0
183,26,0
183,27,0
184,1,0
184,2,0
184,3,0
184,4,0
184,5,0
184,6,0
184,7,0
184,8,0
184,9,0
184,10,0
184,11,0
184,12,0
184,13,0
184,14,0
184,15,0
184,16,0
184,17,0
184,18,0
184,19,0
184,20,0
184,21,0
184,22,0
184,23,0
184,24,1
184,25,0
184,26,0
184,27,0
185,1,0
185,2,0
185,3,0
185,4,0
185,5,0
185,6,0
185,7,0
185,8,0
185,9,0
185,10,0
185,11,0
185,12,0
185,13,0
185,14,0
185,15,0
185,16,0
185,17,0
185,18,0
185,19,0
185,20,0
185,21,0
185,22,0
185,23,0
185,24,1
185,25,0
185,26,0
185,27,0
186,1,0
186,2,0
186,3,0
186,4,0
186,5,0
186,6,0
186,7,0
186,8,0
186,9,0
186,10,0
186,11,0
186,12,0
186,13,0
186,14,0
186,15,0
186,16,0
186,17,0
186,18,0
186,19,0
186,20,0
186,21,0
186,22,0
186,23,0
186,24,1
186,25,0
186,26,0
186,27,0
187,1,0
187,2,0
187,3,0
187,4,0
187,5,0
187,6,0
187,7,0
187,8,0
187,9,0
187,10,0
187,11,0
187,12,0
187,13,0
187,14,0
187,15,0
187,16,0
187,17,0
187,18,0
187,19,0
187,20,0
187,21,0
187,22,0
187,23,0
187,24,1
187,25,0
187,26,0
187,27,0
188,1,0
188,2,0
188,3,0
188,4,0
188,5,0
188,6,0
188,7,0
188,8,0
188,9,0
188,10,0
188,11,0
188,12,0
188,13,0
188,14,0
188,15,0
188,16,0
188,17,0
188,18,0
188,19,0
188,20,0
188,21,0
188,22,0
188,23,0
188,24,0
188,25,0
188,26,0
188,27,1
189,1,0
189,2,0
189,3,0
189,4,0
189,5,0
189,6,0
189,7,0
189,8,0
189,9,0
189,10,0
189,11,0
189,12,0
189,13,0
189,14,0
189,15,0
189,16,0
189,17,0
189,18,0
189,19,0
189,20,0
189,21,0
189,22,0
189,23,0
189,24,0
189,25,0
189,26,0
189,27,1
190,1,0
190,2,0
190,3,0
190,4,0
190,5,0
190,6,0
190,7,0
190,8,0
190,9,0
190,10,0
190,11,0
190,12,0
190,13,0
190,14,0
190,15,0
190,16,0
190,17,0
190,18,0
190,19,0
190,20,0
190,21,0
190,22,0
190,23,0
190,24,0
190,25,0
190,26,0
190,27,1
191,1,0
191,2,0
191,3,0
191,4,0
191,5,0
191,6,0
191,7,0
191,8,0
191,9,0
191,10,0
191,11,0
191,12,0
191,13,0
191,14,0
191,15,0
191,16,0
191,17,0
191,18,0
191,19,0
191,20,0
191,21,0
191,22,0
191,23,0
191,24,0
191,25,0
191,26,0
191,27,1
192,1,0
192,2,0
192,3,0
192,4,0
192,5,0
192,6,0
192,7,0
192,8,0
192,9,0
192,10,0
192,11,0
192,12,0
192,13,0
192,14,0
192,15,0
192,16,0
192,17,0
192,18,0
192,19,0
192,20,0
192,21,0
192,22,0
192,23,0
192,24,0
192,25,0
192,26,0
192,27,1
193,1,0
193,2,0
193,3,0
193,4,0
193,5,0
193,6,0
193,7,0
193,8,0
193,9,0
193,10,0
193,11,0
193,12,0
193,13,0
193,14,0
193,15,0
193,16,0
193,17,0
193,18,0
193,19,0
193,20,0
193,21,0
193,22,0
193,23,0
193,24,0
193,25,0
193,26,0
193,27,1
194,1,0
194,2,0
194,3,0
194,4,0
194,5,0
194,6,0
194,7,0
194,8,0
194,9,0
194,10,0
194,11,0
194,12,0
194,13,0
194,14,0
194,15,0
194,16,0
194,17,0
194,18,0
194,19,0
194,20,0
194,21,0
194,22,0
194,23,0
194,24,0
194,25,0
194,26,0
194,27,1
195,1,0
195,2,0
195,3,0
195,4,0
195,5,0
195,6,0
195,7,0
195,8,0
195,9,0
195,10,0
195,11,0
195,12,0
195,13,0
195,14,0
195,15,0
195,16,0
195,17,0
195,18,0
195,19,0
195,20,0
195,21,0
195,22,0
195,23,0
195,24,0
195,25,0
195,26,0
195,27,1
196,1,0
196,2,0
196,3,0
196,4,0
196,5,0
196,6,0
196,7,0
196,8,0
196,9,0
196,10,0
196,11,0
196,12,0
196,13,0
196,14,0
196,15,0
196,16,0
196,17,0
196,18,0
196,19,0
196,20,0
196,21,0
196,22,0
196,23,0
196,24,0
196,25,0
196,26,0
196,27,1
197,1,0
197,2,0
197,3,0
197,4,0
197,5,0
197,6,0
197,7,0
197,8,0
197,9,0
197,10,0
197,11,0
197,12,0
197,13,0
197,14,0
197,15,0
197,16,0
197,17,0
197,18,0
197,19,0
197,20,0
197,21,0
197,22,0
197,23,0
197,24,0
197,25,0
197,26,0
197,27,1
198,1,0
198,2,0
198,3,0
198,4,0
198,5,0
198,6,0
198,7,0
198,8,0
198,9,0
198,10,0
198,11,0
198,12,0
198,13,0
198,14,0
198,15,0
198,16,0
198,17,0
198,18,0
198,19,0
198,20,0
198,21,0
198,22,0
198,23,0
198,24,0
198,25,0
198,26,0
198,27,1
199,1,0
199,2,0
199,3,0
199,4,0
199,5,0
199,6,0
199,7,0
199,8,0
199,9,0
199,10,0
199,11,0
199,12,0
199,13,0
199,14,0
199,15,0
199,16,0
199,17,0
199,18,0
199,19,0
199,20,0
199,21,0
199,22,0
199,23,0
199,24,0
199,25,0
199,26,0
199,27,1
200,1,0
200,2,0
200,3,0
200,4,0
200,5,0
200,6,0
200,7,0
200,8,0
200,9,0
200,10,0
200,11,0
200,12,0
200,13,0
200,14,0
200,15,0
200,16,0
200,17,0
200,18,0
200,19,0
200,20,0
200,21,0
200,22,0
200,23,0
200,24,1
200,25,0
200,26,0
200,27,0
201,1,0
201,2,0
201,3,0
201,4,0
201,5,0
201,6,0
201,7,0
201,8,0
201,9,0
201,10,0
201,11,0
201,12,0
201,13,0
201,14,0
201,15,0
201,16,0
201,17,0
201,18,0
201,19,0
201,20,0
201,21,0
201,22,0
201,23,0
201,24,1
201,25,0
201,26,0
201,27,0
202,1,0
202,2,0
202,3,0
202,4,0
202,5,0
202,6,0
202,7,0
202,8,0
202,9,0
202,10,0
202,11,0
202,12,0
202,13,0
202,14,0
202,15,0
202,16,0
202,17,0
202,18,0
202,19,0
202,20,0
202,21,0
202,22,0
202,23,0
202,24,1
202,25,0
202,26,0
202,27,0
203,1,0
203,2,0
203,3,0
203,4,0
203,5,0
203,6,0
203,7,0
203,8,0
203,9,0
203,10,0
203,11,0
203,12,0
203,13,0
203,14,0
203,15,0
203,16,0
203,17,0
203,18,0
203,19,0
203,20,0
203,21,0
203,22,0
203,23,0
203,24,1
203,25,0
203,26,0
203,27,0
204,1,0
204,2,0
204,3,0
204,4,0
204,5,0
204,6,0
204,7,0
204,8,0
204,9,0
204,10,0
204,11,0
204,12,0
204,13,0
204,14,0
204,15,0
204,16,0
204,17,0
204,18,0
204,19,0
204,20,0
204,21,0
204,22,0
204,23,0
204,24,1
204,25,0
204,26,0
204,27,0
205,1,0
205,2,0
205,3,0
205,4,0
205,5,0
205,6,0
205,7,0
205,8,0
205,9,0
205,10,0
205,11,0
205,12,0
205,13,0
205,14,0
205,15,0
205,16,0
205,17,0
205,18,0
205,19,0
205,20,0
205,21,0
205,22,0
205,23,0
205,24,1
205,25,0
205,26,0
205,27,0
206,1,0
206,2,0
206,3,0
206,4,0
206,5,0
206,6,0
206,7,0
206,8,0
206,9,0
206,10,0
206,11,0
206,12,0
206,13,0
206,14,0
206,15,0
206,16,0
206,17,0
206,18,0
206,19,0
206,20,0
206,21,0
206,22,0
206,23,0
206,24,1
206,25,0
206,26,0
206,27,0
207,1,0
207,2,0
207,3,0
207,4,0
207,5,0
207,6,0
207,7,0
207,8,0
207,9,0
207,10,0
207,11,0
207,12,0
207,13,0
207,14,0
207,15,0
207,16,0
207,17,0
207,18,0
207,19,0
207,20,0
207,21,0
207,22,0
207,23,0
207,24,1
207,25,0
207,26,0
207,27,0
208,1,0
208,2,0
208,3,0
208,4,0
208,5,0
208,6,0
208,7,0
208,8,0
208,9,0
208,10,0
208,11,0
208,12,0
208,13,0
208,14,0
208,15,0
208,16,0
208,17,0
208,18,0
208,19,0
208,20,0
208,21,0
208,22,0
208,23,0
208,24,1
208,25,0
208,26,0
208,27,0
209,1,0
209,2,0
209,3,0
209,4,0
209,5,0
209,6,0
209,7,0
209,8,0
209,9,0
209,10,0
209,11,0
209,12,0
209,13,0
209,14,0
209,15,0
209,16,0
209,17,0
209,18,0
209,19,0
209,20,0
209,21,0
209,22,0
209,23,0
209,24,1
209,25,0
209,26,0
209,27,0

