,class,"Resident population (10,000)","Population density.
(person/sq km)","Number of households (10,000)",Average population per household (persons),"Urban residents per capita.
Disposable income (RMB)","The inhabitants of urban towns are per capita.
Consumer expenditure (RMB)","General public expenditure.
(Billions)","Investment in urban infrastructure.
(Billions)",Urban population density.,"A built-up area of the city.
Greening coverage (%)","Gross local product.
(Billions)",Gross domestic product per capita (RMB),"Gross domestic product of the first industry.
(Billions)","The gross value of the secondary industry.
(Billions)","The gross value of the tertiary industry.
(Billions)",Investment in environmental protection (RMB 100 million),"Number of college students per 10,000 population.","The level of education of employed persons.
(Undergraduate and above, %)","The amount of municipal household garbage cleared.
(10,000 tons)"
0,3,1608.6,2537.0,475.73,2.78,11718,8868,622.84,449.9,,22.2,4812.15,30307,76.68,2231.93,2503.54,141.91,141.0,,524.0
1,3,1668.33,2631.0,478.92,2.77,12883,9336,726.38,510.78,,23.8,5257.66,32089,78.0,2431.38,2748.28,152.93,168.0,,527.0
2,3,1712.97,2702.0,481.77,2.77,13250,10565,877.84,583.49,1959.0,30.0,5795.02,34277,79.68,2654.47,3060.87,162.39,194.0,7.0,377.0
3,3,1765.84,2785.0,486.06,2.76,14867,11040,1102.64,604.62,1971.0,35.2,6762.38,38878,81.02,3249.43,3431.93,191.53,214.0,7.0,585.0
4,3,1834.98,2894.0,490.58,2.76,16683,12631,1395.69,672.58,1970.0,36.0,8165.38,45353,83.45,3947.01,4134.92,225.37,227.0,10.56,610.0
5,2,1890.26,2981.0,496.69,2.74,18645,13773,1660.32,885.74,2718.0,37.0,9365.54,50282,90.26,4451.11,4824.17,281.18,234.0,10.59,622.0
6,2,1964.11,3098.0,499.54,2.74,20668,14762,1813.8,1125.54,2774.0,37.3,10718.04,55615,93.81,5056.43,5567.8,310.85,237.0,14.42,658.0
7,2,2063.58,3255.0,503.29,2.74,23623,17255,2201.92,1466.33,2930.0,37.6,12668.89,62909,102.61,5674.34,6891.94,366.12,235.0,13.48,691.0
8,2,2140.65,3376.0,506.64,2.75,26675,19398,2617.68,1733.18,2978.0,38.0,14276.79,67916,112.79,6207.97,7956.03,422.37,235.0,14.529000000000002,676.0
9,2,2210.28,3486.0,509.79,2.75,28838,20992,2989.65,2113.45,3030.0,38.1,15287.56,70273,115.8,6143.59,9028.17,460.42,232.0,15.92,710.0
10,2,2302.66,3632.0,519.27,2.72,31838,23200,3302.89,1497.46,3630.0,38.2,17436.85,77275,117.79,7376.81,9942.25,507.54,224.0,15.65,732.0
11,2,2347.46,3702.0,522.01,2.72,36230,25102,3914.88,1157.34,3702.0,38.2,19539.07,84037,130.17,8128.44,11280.46,557.92,218.0,16.43,704.0
12,2,2380.43,3754.0,524.31,2.72,40188,26253,4184.02,1038.61,3754.0,38.3,20558.98,86969,133.26,8063.93,12361.79,570.49,213.0,17.79,716.0
13,2,2415.15,3809.0,527.52,2.72,43851,32447,4528.61,1043.31,3809.0,38.4,22264.06,92852,131.29,8147.16,13985.61,607.88,209.0,18.55,735.0
14,2,2425.68,3826.0,532.55,2.7,47710,35182,5182.65,1057.25,3826.0,38.4,24068.2,99438,131.59,8434.97,15501.64,699.89,209.0,23.25,608.0
15,2,2415.27,3809.0,536.76,2.69,52962,36946,6191.56,1425.08,3809.0,38.5,25659.18,106009,125.53,8259.03,17274.62,708.83,212.0,26.8,613.0
16,2,2419.7,3816.0,541.62,2.68,57692,39857,6918.94,1551.87,3816.0,38.8,28183.51,116582,114.34,8406.28,19662.89,823.57,213.0,28.1,629.0
17,2,2418.33,3814.0,546.13,2.66,62596,42304,7547.62,1705.22,3814.0,39.1,30632.99,126634,110.78,9330.67,21191.54,923.53,213.0,29.8,900.0
18,2,2423.78,3823.0,550.64,2.64,68034,46015,8351.54,1863.81,3823.0,36.2,32679.87,134982,98.04,9738.6,22843.23,1023.49,213.0,31.5,984.0
19,2,2428.14,3832.0,555.15,2.62,73615,48272,8179.28,1858.96,3832.0,33.3,38155.32,157300,85.3,,24494.92,1079.25,213.0,33.2,940.0
20,0,1363.6,811.0,397.9,2.6,10350,8493,443.0,351.9,811.0,36.5,3212.8,24518,79.3,1040.6,2092.9,1135.01,432.0,34.9,244.39
21,0,1385.1,824.0,405.3,2.91,11578,8923,559.11,356.4,824.0,38.8,3769.9,27430,80.8,1147.6,2541.6,1190.77,474.0,8.2,309.3
22,0,1423.2,847.0,416.3,2.87,12464,10286,628.35,411.9,2099.0,40.6,4396.0,31307,82.4,1259.4,3054.2,1246.53,546.0,11.4,321.4
23,3,1456.4,867.0,427.6,2.74,13883,11124,734.8,417.8,2128.0,40.9,5104.1,35450,84.1,1497.9,3522.1,1302.29,618.0,13.8,425.1
24,3,1492.7,910.0,439.8,2.79,15638,12200,898.28,463.2,2623.0,41.9,6164.9,41809,85.4,1867.7,4211.9,1358.05,620.0,16.27,491.0
25,3,1538.0,937.0,451.7,2.7,17653,13244,1058.31,610.7,937.0,42.0,7141.4,47127,86.9,2045.6,5008.9,1413.81,658.0,16.44,454.6
26,3,1601.0,976.0,463.7,2.64,19978,14825,1296.84,935.3,1094.0,42.5,8312.6,52964,87.2,2217.8,6007.7,1469.57,690.0,19.41,538.3
27,3,1676.0,1021.0,473.0,2.65,23029,15330,1649.5,1175.8,1132.0,43.0,10071.9,61470,99.4,2534.1,7438.4,1525.33,683.0,19.41,600.94
28,2,1771.0,1079.0,481.2,2.58,24725,16460,1959.29,1160.7,1181.0,43.5,11392.0,66098,111.4,2641.8,8638.8,1581.09,623.0,18.35,656.61
29,2,1860.0,1133.0,488.7,2.53,28165,17893,2319.37,1462.0,1224.0,44.4,12419.0,68406,116.8,2856.9,9445.4,1636.85,563.0,20.78,656.12
30,2,1961.9,1196.0,496.1,2.45,30665,19934,2717.32,1403.5,1383.0,45.0,14441.6,75573,122.8,3387.9,10930.9,1692.61,503.0,24.28,632.98
31,2,2018.6,1230.0,503.1,2.42,34903,21984,3245.23,1400.2,1428.0,45.6,16627.9,83547,134.5,3753.2,12740.2,1748.37,443.0,32.37,634.35
32,2,2069.3,1261.0,509.2,2.53,36469,24046,3685.31,1789.2,1464.0,46.2,18350.1,89778,148.4,4060.0,14141.7,1804.13,383.0,34.29,648.31
33,2,2114.8,1289.0,516.2,2.61,40321,31632,4173.66,1785.7,1498.0,46.8,20330.1,97178,159.8,4392.8,15777.4,1859.89,323.0,33.09,671.69
34,2,2151.6,1311.0,522.6,2.49,48532,33718,4524.67,2018.1,1525.0,47.4,21944.1,102869,159.2,4663.4,17121.5,1915.65,263.0,37.37,733.84
35,2,2170.5,1323.0,529.2,2.54,52859,33642,5737.7,2174.5,1541.0,48.4,23685.7,109603,140.4,4660.6,18884.7,1971.41,203.0,32.9,790.33
36,2,2172.9,1324.0,538.2,2.62,57275,38256,6406.77,2399.5,1145.0,48.4,25669.1,118198,129.8,4944.4,20594.9,2027.17,143.0,34.4,872.61
37,2,2170.7,1323.0,543.1,2.62,64206,40346,6824.53,2984.2,1144.0,48.4,28014.9,128994,120.4,5326.8,22567.8,2082.93,83.0,37.6,924.77
38,2,2154.2,1313.0,548.8,2.58,67990,42926,7972.6,2664.89,1136.0,48.4,30320.0,140211,118.7,5647.7,24553.6,2138.69,23.0,39.5,975.7
39,2,2153.6,1312.0,554.5,2.54,71774,45506,7892.6,2563.62,1128.0,48.4,35371.3,164000,113.7,5715.1,29542.5,2194.45,-37.0,41.4,1026.63
40,2,701.24,3596.0,38.87,3.21,20906,18201,225.04,286.21,1120.0,45.0,2187.5,32800,17.3,874.0,774.1,30.68,-97.0,43.3,1077.56
41,0,724.57,3710.0,41.14,3.21,22760,17815,253.7,284.4,1112.0,45.0,2482.5,34822,18.1,1055.7,880.9,42.86,-157.0,45.2,122.0
42,0,746.62,3823.25,44.73,3.12,24941,18931,307.77,32.64,1104.0,43.2,2969.5,40369,19.1,1234.7,1003.1,47.44,-217.0,47.1,129.0
43,0,778.27,3985.32,47.55,3.17,23906,14321,348.95,44.4,1096.0,43.2,3585.7,47029,16.5,1723.7,1155.3,61.87,-277.0,49.0,325.0
44,0,800.8,4101.0,52.04,3.17,27596,17810,377.57,67.51,1088.0,45.0,4282.1,54236,14.2,2108.1,1300.5,79.5,-337.0,50.9,325.0
45,0,827.75,4239.0,57.01,3.19,28665,21189,599.16,99.2,932.0,45.0,5035.8,61844,9.7,2633.4,2307.7,115.7,-397.0,52.8,333.0
46,0,871.1,4334.35,61.37,3.21,32009,16628,571.14,139.36,4334.0,45.0,5920.7,69702,7.0,3049.5,2757.1,156.6,-457.0,54.7,359.5
47,0,912.37,4411.78,64.88,3.27,33593,24365,727.97,184.78,4412.0,45.0,6925.2,77660,6.9,3404.8,3389.9,193.5,-517.0,56.6,407.0
48,0,954.28,4887.0,67.1,3.4,26729,19779,889.86,827.83,4887.0,45.0,7941.4,85088,6.7,3815.8,3984.1,218.58,-577.0,58.5,440.69
49,3,995.01,5095.0,69.81,3.46,29245,21526,1000.84,700.33,4475.0,45.0,8485.8,87066,6.7,3827.1,4367.6,233.73,-637.0,60.4,475.96
50,3,1037.2,5311.0,71.44,3.51,32381,22807,1266.07,741.74,5208.0,45.0,10002.2,98437,6.5,4523.4,5051.7,272.96,-697.0,62.3,479.25
51,3,1046.74,5360.0,74.54,3.59,36505,24080,1590.56,763.02,5256.0,45.0,11807.2,113316,6.6,5343.3,6155.7,312.19,-757.0,64.2,481.82
52,3,1054.74,5282.0,78.29,3.67,40742,26728,1569.01,569.48,5282.0,45.0,13319.7,126765,6.3,5737.6,7206.1,351.42,-817.0,66.1,489.84
53,3,1062.89,5323.0,84.83,3.66,44653,28812,1690.83,619.66,5323.0,45.0,14979.5,141474,5.3,6296.9,8198.1,390.65,-877.0,68.0,521.69
54,3,1077.89,5398.0,89.76,3.7,40948,28853,2166.18,589.08,5398.0,45.0,16449.5,153677,5.6,6812.0,9184.2,429.88,-937.0,69.9,541.14
55,3,1137.87,5697.0,94.92,3.74,44633,32359,3521.67,713.5,5697.0,45.0,18014.1,162599,6.7,7207.9,10288.3,469.11,-997.0,71.8,574.83
56,3,1190.84,5962.0,100.13,3.84,48695,36481,4211.04,864.95,5962.0,45.0,20079.7,172453,7.2,7780.5,11705.0,508.34,-1057.0,73.7,572.28
57,3,1252.83,6234.0,107.64,4.04,52938,38320,4593.8,1163.45,6234.0,45.0,22490.1,183544,19.6,9318.1,13152.4,547.57,-1117.0,75.6,618.83
58,3,1302.66,6484.0,114.73,3.96,57543,40535,4282.56,1419.6,6484.0,45.0,24222.0,189568,22.1,9962.0,14237.9,586.8,-1177.0,77.5,702.0
59,2,1352.49,6734.0,121.82,3.88,62522,43113,4551.0,953.24,6734.0,45.0,26927.1,203489,25.2,10495.8,16406.1,626.03,-1237.0,79.4,785.17
60,0,994.8,1337.0,210.04,3.8,13967,10989,240.72,309.07,943.0,31.6,2492.7,25626,94.4,1032.0,1249.5,665.26,264.14,81.3,166.0
61,0,996.75,1341.0,213.58,3.72,14694,11361,292.63,317.63,959.0,31.44,2841.7,28537,97.3,1125.1,1463.4,704.49,343.44,83.2,244.0
62,0,984.76,1325.0,216.25,3.15,15117,10683,326.67,279.48,970.0,32.64,3204.0,32339,103.1,1227.1,1671.3,743.72,414.97,85.1,260.0
63,0,972.93,1309.0,220.29,2.58,15003,13211,370.09,57.25,976.0,34.19,3758.6,38398,105.6,1508.1,1883.1,782.95,516.75,87.0,231.0
64,0,966.06,1299.0,225.97,3.08,16884,13121,408.34,73.72,993.0,35.03,4450.6,45906,115.5,1817.7,2182.6,822.18,623.14,88.9,269.0
65,0,949.68,1277.0,230.29,3.12,18287,14468,438.41,85.4,1010.0,36.38,5187.9,54160,130.2,2045.2,2978.8,861.41,738.58,90.8,280.0
66,0,996.66,1312.0,234.65,3.1,19851,15445,506.79,548.65,2625.0,36.79,6124.2,62930,145.1,2430.0,3498.7,900.64,814.28,92.7,299.8
67,0,1053.01,1351.26,238.25,3.14,22469,18951,623.69,539.62,2766.0,37.14,7203.0,70284,149.9,2806.8,4152.5,939.87,888.35,94.6,340.0
68,0,1115.34,1531.0,242.56,3.12,25317,20836,713.35,605.86,2304.0,37.46,8366.0,77165,167.7,3199.0,4849.1,979.1,938.77,96.5,345.1
69,0,1186.97,1629.0,247.44,3.17,27610,22821,789.92,1020.54,2486.0,38.21,9240.6,80272,172.3,3405.2,5560.8,1018.33,1001.75,98.4,370.97
70,0,1270.96,1744.0,252.68,3.17,30658,25012,977.32,1332.21,2261.0,40.15,10859.3,88361,188.6,4002.3,6557.5,1057.56,1046.88,100.3,356.62
71,0,1275.14,1750.0,259.57,3.17,34438,28210,1181.25,997.73,2835.0,40.3,12562.1,98677,204.5,4577.0,7641.9,1096.79,1100.1,102.2,349.43
72,3,1283.89,1771.0,264.61,3.16,38054,30490,1343.65,1065.01,7317.0,40.5,13697.9,107055,213.8,4720.7,8616.8,1136.02,1142.17,104.1,413.35
73,3,1292.68,1783.0,270.61,3.21,42066,33157,1386.13,1137.19,7614.0,41.01,15663.5,121584,228.9,5227.4,9963.9,1175.25,1181.11,106.0,394.29
74,3,1308.05,1804.0,276.5,3.26,42955,33385,1436.22,1246.66,7912.0,41.5,16896.6,129938,218.7,5591.0,10897.2,1214.48,1209.96,107.9,430.21
75,3,1350.11,1863.0,280.27,2.98,46735,35753,1727.72,1339.08,5940.0,41.6,18313.8,137793,226.8,5726.1,12147.5,1253.71,1221.3,109.8,455.84
76,3,1404.35,1937.0,287.1,3.03,50941,38398,1943.75,1516.45,1171.0,41.8,19782.2,143638,239.3,5751.6,13556.6,1292.94,1214.58,111.7,504.36
77,3,1449.84,2000.0,295.02,3.05,55400,40637,2186.01,1684.3,5645.0,42.54,21503.2,150678,220.5,6011.0,15271.7,1332.17,1188.74,113.6,526.11
78,3,1490.44,2056.0,305.99,3.06,59982,42181,2506.18,1400.0,2005.0,45.13,22859.4,155491,223.4,6234.1,16401.8,1371.4,1171.09,115.5,557.56
79,3,1530.59,2112.0,316.96,3.07,65052,45049,2865.12,1506.47,-1635.0,47.72,23628.6,156427,251.4,6454.0,16923.2,1410.63,1153.44,117.4,589.01
80,1,2848.82,2168.0,938.87,3.08,6176,5570,187.64,262.93,-5275.0,21.8,1791.0,5157,284.9,760.0,746.1,1449.86,43.0,119.3,173.3
81,1,2829.21,2224.0,950.56,3.23,6721,5874,237.55,328.32,-8915.0,22.09,1976.9,5655,294.9,842.0,840.0,1489.09,55.0,1.1,164.6
82,1,2814.83,2280.0,961.69,3.24,7238,6360,305.86,499.27,1283.0,16.5,2232.9,6353,317.9,958.9,956.1,1528.32,68.0,1.3,211.7
83,1,2803.19,2336.0,977.01,3.2,8094,7118,341.58,691.55,1057.0,16.6,2555.7,8075,339.1,1135.3,1081.4,1567.55,82.0,1.0,215.3
84,1,2793.32,2392.0,988.59,3.18,9221,7973,395.72,614.43,1088.0,20.9,3048.0,9608,428.1,1386.8,1233.1,1606.78,97.0,1.1,237.2
85,1,2798.0,2448.0,1010.41,3.14,10244,8623,487.35,537.31,1093.0,21.6,3486.2,10978,463.4,1577.7,1445.2,1646.01,113.0,1.82,237.6
86,1,2808.0,2504.0,1030.66,3.1,11570,9399,594.3,465.85,1474.0,22.94,3929.7,12437,386.4,1888.2,1655.1,1685.24,127.0,1.86,243.9
87,1,2816.0,2560.0,1056.97,3.06,13715,9890,768.4,394.39,1527.0,31.81,4698.3,14622,476.6,2202.4,2019.2,1724.47,138.0,1.02,200.52
88,1,2839.0,2616.0,1080.15,3.02,15709,11147,1010.7,720.58,1574.0,34.1,5817.6,18025,563.1,2613.3,2641.2,1763.7,149.0,1.33,225.19
89,1,2859.0,2672.0,1110.7,2.95,17191,12144,1298.4,1542.57,1637.0,36.76,6560.0,22916,589.8,2973.3,2996.8,1802.93,160.0,1.76,224.3
90,1,2884.62,2728.0,1154.83,2.86,19100,13335,1771.0,1911.45,1860.0,39.48,7957.5,23897,659.1,3574.1,3724.3,1842.16,171.0,4.24,256.68
91,1,2919.0,2784.0,1205.2,2.76,21955,14974,2570.2,1926.3,1830.0,40.28,10048.1,34500,805.3,4518.9,4723.9,1881.39,182.0,4.7,281.56
92,1,2945.0,2840.0,1220.64,2.74,22968,16573,3046.4,2404.16,1832.0,42.34,11456.3,39083,892.3,5244.2,5319.8,1920.62,193.0,5.22,335.29
93,1,2970.0,2896.0,1236.78,2.72,25216,17124,3062.3,2962.1,1847.0,41.28,12832.8,42795,941.2,5900.1,5991.5,1959.85,204.0,5.53,349.8
94,1,2991.4,2952.0,1248.67,2.7,25147,18280,3304.39,3386.23,1872.0,40.55,14322.9,47859,990.8,6637.2,6694.9,1999.08,215.0,5.77,399.37
95,1,3016.55,3008.0,1254.54,2.69,27239,19742,3792.0,4356.14,1904.0,40.04,15789.8,52330,1067.7,7195.0,7527.1,2038.31,226.0,8.4,440.03
96,1,3048.43,3064.0,1260.88,2.69,29610,21031,4001.81,5660.87,1953.0,40.78,17674.3,57902,1237.0,7898.9,8538.4,2077.54,237.0,8.6,494.13
97,1,3075.16,3120.0,1260.93,2.69,32193,22759,4336.7,5659.12,2017.0,40.44,19424.7,63689,1276.1,8584.6,9564.0,2116.77,248.0,8.7,529.74
98,1,3101.79,3176.0,1269.58,2.69,34889,24154,4540.95,6309.92,2026.0,40.42,20363.2,64933,1378.3,8328.8,10656.1,2156.0,259.0,8.8,549.2
99,1,3128.42,3232.0,1278.23,2.69,37939,25785,4847.8,6265.75,2035.0,40.4,23605.8,75828,1551.4,9496.8,12557.5,2195.23,270.0,8.9,568.66
100,0,1001.14,763.0,293.04,3.1,8141,6158,187.05,280.36,2044.0,25.0,1701.9,17353,73.7,863.8,764.4,2234.46,129.0,9.0,224.6
101,0,1004.06,854.0,295.63,3.51,8959,7045,234.67,309.38,2053.0,26.05,1919.1,19141,78.7,959.1,881.3,2273.69,169.0,3.6,218.6
102,0,1007.18,856.0,299.67,3.09,9338,7265,265.21,361.85,831.0,27.3,2150.8,21387,84.2,1069.1,997.5,2312.92,215.0,5.4,162.6
103,0,1011.3,860.0,303.27,3.07,10313,7964,312.08,501.37,841.0,31.04,2578.0,25544,89.9,1337.3,1150.8,2352.15,243.0,4.9,171.8
104,0,1023.67,870.0,316.62,2.96,11467,8930,375.02,332.63,852.0,35.01,3141.4,30874,105.3,1708.0,1328.1,2391.38,281.0,7.57,181.6
105,0,1043.0,887.0,322.95,2.92,12639,9813,442.12,420.8,864.0,36.4,3947.9,38206,112.4,2165.8,1669.7,2430.61,330.0,6.5,144.8
106,0,1075.0,914.0,328.66,2.9,14283,10745,543.12,518.2,2590.0,37.0,4518.9,42672,103.4,2497.9,1917.7,2469.84,337.0,7.54,155.2
107,0,1115.0,948.0,333.42,2.89,16357,12280,674.33,734.9,2912.0,37.5,5318.0,48566,107.5,2941.8,2268.7,2509.07,339.0,7.77,165.01
108,0,1176.0,1000.0,337.49,2.88,19423,13732,867.72,1040.3,2858.0,38.0,6805.5,59411,116.6,3776.9,2912.0,2548.3,337.0,7.17,173.8
109,0,1228.16,1044.0,341.9,2.88,21402,15174,1124.28,1606.8,2716.0,30.33,7618.2,63375,119.5,4064.0,3434.7,2587.53,335.0,7.89,188.35
110,0,1299.29,1105.0,345.83,2.86,24293,17015,1376.84,1673.7,2752.0,32.06,9343.8,73938,131.7,4937.5,4274.6,2626.76,333.0,11.26,183.71
111,0,1354.58,1152.0,350.27,2.87,26921,18928,1796.33,1567.8,2636.0,34.53,11461.7,86377,141.1,6058.9,5261.7,2665.99,331.0,13.47,189.9
112,0,1413.15,1202.0,351.24,2.84,29626,20572,2143.21,1905.2,2782.0,34.88,13087.2,94570,147.9,6828.0,6111.2,2705.22,329.0,14.07,185.77
113,0,1472.21,1252.0,356.6,2.82,32658,22306,2549.21,2113.4,2843.0,34.93,14659.9,101615,154.8,7460.1,7045.0,2744.45,327.0,16.51,199.95
114,0,1516.81,1290.0,362.63,2.81,31506,24290,2884.7,2195.1,3328.0,34.93,15964.5,106821,158.8,7933.5,7872.2,2783.68,325.0,15.85,215.89
115,0,1546.95,1315.0,370.58,2.77,34101,26230,3232.35,2642.0,3492.0,36.38,16794.7,109634,162.3,7918.1,8714.3,2822.91,323.0,19.6,240.7
116,0,1562.12,1328.0,379.17,2.75,37110,28345,3699.43,2716.1,3639.0,37.22,17837.9,114747,168.5,7571.4,10098.1,2862.14,321.0,19.8,269.03
117,0,1556.87,1323.0,385.62,2.72,40278,30284,3282.54,2237.4,3276.0,36.84,18549.2,118944,169.0,7593.6,10786.6,2901.37,319.0,21.0,306.9
118,0,1559.6,1326.0,396.57,2.69,42976,29903,3103.2,1758.7,5016.0,38.0,18809.6,120711,172.7,7609.8,11027.1,2940.6,317.0,24.3,294.8
119,0,1562.33,1329.0,407.52,2.66,46119,31854,3508.71,1280.0,6756.0,39.16,14104.3,90400,185.2,4969.2,8949.9,2979.83,315.0,27.6,282.7
120,0,804.81,885.0,213.66,3.12,6761,6074,89.04,141.12,885.0,32.9,1206.8,15082,81.4,533.3,592.2,3019.06,313.0,30.9,270.6
121,0,813.8,893.0,218.66,3.08,7305,6342,119.6,167.03,893.0,33.56,1335.4,16515,85.0,582.4,668.0,3058.29,311.0,34.2,169.0
122,0,823.7,904.0,224.59,3.04,7820,6833,147.2,197.38,904.0,34.19,1467.8,17971,90.4,635.5,741.9,3097.52,309.0,37.5,176.0
123,0,836.8,919.7,229.91,3.0,8525,7251,117.78,248.28,914.0,34.95,1622.2,19569,95.1,701.9,825.2,3136.75,307.0,40.8,225.5
124,0,845.43,925.24,241.58,2.96,9564,7793,142.61,324.16,919.0,36.06,1882.2,23148,102.2,825.8,954.2,3175.98,305.0,44.1,291.0
125,0,858.0,943.44,249.95,2.87,10850,8234,210.1,507.34,943.0,37.6,2261.2,26548,109.6,1026.3,1125.3,3215.21,303.0,47.4,291.0
126,0,875.0,964.02,255.45,2.85,12356,9182,309.64,665.77,1814.0,37.78,2679.3,30921,115.9,1205.4,1358.0,3254.44,301.0,50.7,211.0
127,0,891.0,975.05,260.46,2.88,14358,10600,387.72,846.72,1893.0,37.78,3209.5,36347,129.2,1440.0,1640.3,3293.67,299.0,54.0,215.34
128,0,897.0,980.97,265.0,2.92,16712,11433,479.52,1132.3,2193.0,37.48,4115.5,46035,144.7,1867.2,2103.6,3332.9,297.0,57.3,219.03
129,0,910.0,983.69,269.9,2.92,18385,12710,503.64,1511.96,2264.0,37.46,4620.9,51144,149.1,2142.1,2329.7,3372.13,295.0,60.6,217.42
130,0,978.54,985.08,274.58,2.9,20806,14490,989.95,1873.82,2354.0,37.17,5565.9,58961,170.0,2532.8,2863.1,3411.36,293.0,63.9,219.14
131,0,1002.0,1179.66,276.5,2.89,23738,17141,1278.0,2312.36,2317.0,37.59,6762.2,68315,198.7,3254.0,3309.5,3450.59,291.0,67.2,224.4
132,0,1012.0,1191.4,281.29,2.88,27061,18813,885.55,2851.17,2309.0,38.2,8003.8,79482,301.2,3859.6,3843.1,3489.82,289.0,70.5,225.0
133,0,1022.0,1203.2,286.39,2.71,29821,20157,1122.88,3438.78,7075.0,38.21,9051.3,89000,335.4,4396.17,4319.7,3529.05,287.0,73.8,263.7
134,0,1033.8,1217.09,288.02,2.64,33270,20157,1175.1,3676.3,4369.0,39.21,10069.5,98000,350.1,4785.7,4933.8,3568.28,285.0,77.1,257.36
135,0,1060.77,1248.85,297.1,2.66,36436,23943,1338.05,4032.8,4413.0,39.65,10905.6,104132,359.8,4981.5,5564.3,3607.51,283.0,80.4,330.68
136,0,1076.62,1267.51,302.12,2.65,39737,26535,1524.68,4020.99,4457.0,39.65,11912.6,111469,390.6,5227.1,6294.9,3646.74,281.0,83.7,356.29
137,0,1089.29,1282.42,310.88,2.66,43405,28546,1718.62,3920.72,5981.0,39.55,13410.3,123831,408.2,5861.4,7140.8,3685.97,279.0,87.0,396.38
138,3,1121.2,1297.33,319.64,2.67,47359,31201,1929.54,4352.0,7505.0,39.55,14847.3,135136,362.0,6377.8,8107.5,3725.2,277.0,90.3,436.47
139,3,1153.11,1312.24,328.4,2.68,51706,34009,2237.1,4913.41,9029.0,40.02,16223.2,145545,379.0,5988.9,9855.3,3764.43,275.0,93.6,476.56
140,0,614.85,825.97,177.46,2.69,8233,7048,101.29,144.02,2966.0,40.96,1073.5,19838,57.6,491.9,524.1,20.83,273.0,96.9,99.24
141,0,628.39,838.24,180.25,2.7,8848,7326,113.35,168.2,1431.0,40.0,1218.5,22196,61.9,544.7,611.9,-3722.77,271.0,100.2,113.0
142,0,641.99,855.03,183.16,2.9,9157,7323,133.12,246.5,963.0,42.87,1385.1,24816,65.7,610.7,708.8,-7466.37,269.0,103.5,147.0
143,0,654.58,869.39,187.83,2.91,10196,7723,155.28,451.16,999.0,43.49,1690.8,29780,69.5,802.2,819.0,-11209.97,267.0,106.8,152.3
144,0,668.18,886.62,190.79,2.88,11602,8350,191.68,501.48,1005.0,44.46,2087.1,36114,75.3,1014.8,997.0,-14953.57,265.0,110.1,165.6
145,0,689.8,905.0,193.31,2.86,14997,10704,231.35,300.0,1084.0,44.94,2478.3,42026,102.0,1213.6,1162.7,72.55,263.0,113.4,169.1
146,0,719.06,923.0,196.29,2.79,17538,12234,262.46,98.52,1815.0,45.49,2855.8,47477,109.6,1377.2,1369.0,85.0,261.0,116.7,161.5
147,0,741.3,938.0,199.62,2.74,20317,13278,342.94,-102.96,1933.0,45.92,3381.2,55230,115.3,1628.7,1637.3,99.69,259.0,120.0,160.6
148,0,758.89,948.74,200.88,2.69,23123,15132,404.92,-304.44,1546.0,46.12,3859.6,62169,119.4,1797.7,1942.5,113.21,257.0,123.3,163.04
149,0,771.31,957.0,205.64,2.73,25504,15873,461.27,-505.92,1593.0,44.11,4287.3,68365,129.2,1960.6,2197.5,127.18,255.0,126.6,160.46
150,0,800.76,960.0,209.29,2.73,28312,17409,542.73,-707.4,1600.0,44.38,5198.2,82368,142.3,2363.4,2692.5,164.89,253.0,129.9,184.78
151,0,810.91,966.0,213.17,2.73,32200,20098,666.21,-908.88,1532.0,44.42,6230.2,98208,164.3,2807.1,3258.8,187.41,251.0,133.2,201.16
152,0,816.1,1239.0,214.42,2.72,36322,22446,769.66,-1110.36,1417.0,44.02,7306.5,114627,185.1,3229.7,3891.8,267.5,249.0,136.5,224.54
153,0,818.78,1243.0,218.04,2.81,39881,24591,850.91,-1311.84,1419.0,44.06,8199.5,127960,195.3,3527.3,4476.9,347.59,247.0,139.8,250.4
154,0,821.61,1247.0,221.6,2.83,42568,25855,921.2,-1513.32,1440.0,44.14,8956.1,138659,214.3,3696.3,5045.5,427.68,245.0,143.1,260.8
155,0,823.59,1250.0,225.14,2.82,46104,27794,1045.57,-1714.8,1462.0,44.47,9861.6,151469,232.4,3983.1,5646.1,507.77,243.0,146.4,238.68
156,0,827.0,1256.0,229.95,2.82,49997,29772,1173.84,-1916.28,1484.0,44.75,10662.3,162017,252.5,4191.3,6218.5,587.86,241.0,149.7,212.72
157,0,833.5,1265.0,238.88,2.81,54538,31385,1354.09,-2117.76,1521.0,44.9,11715.1,171563,263.0,4454.9,6997.2,667.95,239.0,153.0,285.06
158,0,843.62,1281.0,246.44,2.79,59308,33537,1532.72,-2319.24,1555.0,45.06,12820.4,152886,273.4,4721.6,7825.4,748.04,237.0,156.3,311.18
159,0,850.0,1297.0,254.0,2.77,64372,35933,1658.6,-2520.72,1589.0,45.16,14030.2,165681,289.8,5040.9,8699.5,828.13,235.0,159.6,337.3
160,0,701.7,1313.0,193.48,3.1,9668,7790,73.43,123.34,1623.0,34.4,1382.6,22342,104.0,709.3,569.3,908.22,233.0,162.9,363.42
161,0,553.4,379.0,195.56,2.98,10896,8968,104.93,193.89,1657.0,34.68,1568.0,25074,111.5,793.6,663.0,988.31,231.0,166.2,132.1
162,0,405.1,384.0,198.27,2.93,11778,9215,141.02,216.81,1691.0,37.88,1781.8,28150,114.6,901.8,765.4,1068.4,229.0,169.5,139.8
163,0,256.8,387.31,201.12,2.92,12898,9950,163.59,326.02,1725.0,36.57,2099.8,32819,126.6,1075.8,897.4,1148.49,227.0,172.8,161.5
164,0,108.5,392.67,204.52,2.92,14565,11213,195.63,377.38,1759.0,35.91,2543.2,39293,132.2,1318.2,1092.7,1228.58,225.0,176.1,164.4
165,0,771.3,397.96,207.42,2.84,16601,13438,238.33,428.74,398.0,36.2,2943.8,44871,148.2,1494.4,1301.3,1308.67,223.0,179.4,165.1
166,0,789.4,401.49,209.91,2.81,19027,14472,275.48,480.1,3490.0,38.14,3443.5,51908,154.9,1728.4,1560.2,1388.76,221.0,182.7,138.9
167,0,807.0,405.13,211.99,2.72,21689,14896,335.72,531.46,3098.0,35.24,4104.0,61315,163.5,2045.9,1894.7,1468.85,219.0,186.0,161.94
168,0,820.2,408.32,213.74,2.75,24104,16719,419.67,582.82,3164.0,38.6,4789.0,70948,179.8,2372.6,2236.6,1548.94,217.0,189.3,157.18
169,0,833.4,411.77,215.28,2.68,26864,17952,490.4,634.18,2979.0,39.94,5111.4,75111,190.5,2365.8,2555.1,1629.03,215.0,192.6,218.18
170,0,870.54,415.23,216.51,2.7,30035,20219,616.58,685.54,3255.0,39.95,5965.7,86932,208.4,2819.8,2937.5,1709.12,213.0,195.9,211.67
171,0,873.8,419.2,218.26,2.71,34065,21404,747.5,736.9,3336.0,40.04,7037.3,101634,236.8,3280.5,3520.0,1789.21,211.0,199.2,217.11
172,0,880.2,422.74,218.95,2.69,37511,22800,786.28,788.26,3567.0,40.07,7833.6,112211,255.1,3500.1,4078.4,1869.3,209.0,202.5,233.6
173,0,884.4,425.77,220.66,2.79,39310,24833,855.73,839.62,3762.0,40.23,8398.6,119372,261.6,3574.3,4562.7,1949.39,207.0,205.8,264.21
174,0,889.2,431.28,222.35,2.79,44632,32165,961.18,890.98,3772.0,40.57,9206.2,129448,274.3,3845.6,5086.2,2029.48,205.0,209.1,283.2
175,0,901.8,436.25,225.79,2.79,48316,33818,1205.48,942.34,3527.0,40.43,10050.2,139653,287.9,3909.0,5853.2,2109.57,203.0,212.4,351.98
176,0,918.8,554.0,229.57,2.8,52185,35686,1404.31,993.7,3282.0,40.7,11313.7,155030,304.2,4120.9,6888.6,2189.66,201.0,215.7,342.46
177,0,946.8,570.0,235.26,2.91,56276,38179,1540.92,1045.06,3689.0,40.1,12603.4,169187,311.1,4362.5,7929.8,2269.75,199.0,219.0,351.12
178,0,980.6,582.0,241.84,2.93,61172,41615,1717.08,1096.42,4096.0,40.78,13509.2,140180,305.5,4571.9,8631.7,2349.84,197.0,222.3,359.78
179,0,1036.0,594.0,248.42,2.95,66068,36255,1952.9,1147.78,4503.0,41.46,15373.0,152465,326.0,4875.0,10172.0,2429.93,195.0,225.6,368.44
180,0,1110.85,818.0,317.2,2.88,7649,6423,79.62,1199.14,4910.0,20.3,1156.8,11471,116.4,422.1,618.3,2510.02,193.0,228.9,93.0
181,0,1134.22,823.0,320.63,2.98,8128,6801,100.29,1250.5,5317.0,21.9,1322.1,11779,118.5,490.3,713.3,2590.11,191.0,232.2,101.4
182,0,1157.41,829.9,325.35,2.92,8972,2549,121.72,1301.86,5724.0,24.3,1488.8,12993,125.5,558.6,804.7,2670.2,189.0,235.5,119.4
183,0,1173.4,842.9,336.12,2.89,9641,7058,136.1,1353.22,6131.0,29.3,1705.3,14632,137.1,652.5,915.8,2750.29,187.0,238.8,126.4
184,0,1194.13,883.1,350.53,2.89,10394,8997,156.44,1404.58,6538.0,36.1,2031.1,17158,168.2,805.6,1057.2,2830.38,185.0,242.1,133.0
185,0,1221.72,873.3,366.72,2.87,11359,9642,195.24,1455.94,890.0,36.5,2376.0,19670,177.1,984.2,1214.7,2910.47,183.0,245.4,138.0
186,0,1248.5,1007.7,382.22,2.98,12789,8309,252.24,900.77,4773.0,38.02,2772.2,22445,195.1,1171.0,1406.1,2990.56,181.0,248.7,152.1
187,0,1257.94,1015.3,391.58,2.9,14849,11703,356.34,961.78,5071.0,38.03,3364.8,26849,235.1,1444.1,1685.6,3070.65,179.0,252.0,181.52
188,0,1270.62,1025.5,405.2,2.74,16943,12849,506.43,134.0,4911.0,38.58,3944.9,31203,262.9,1735.0,1947.1,3150.74,177.0,255.3,189.08
189,0,1286.6,1038.4,417.87,2.74,18659,14088,600.97,197.03,5369.0,38.82,4502.6,35215,267.8,2001.8,2233.0,3.2,175.0,258.6,217.84
190,0,1404.76,1171.0,430.68,2.67,20835,15512,777.38,193.43,5572.0,39.43,5551.3,41253,285.1,2480.9,2785.3,-3144.34,173.0,261.9,262.07
191,0,1407.08,1173.0,439.69,2.65,23932,17795,857.87,226.74,5748.0,39.15,6950.6,49438,327.3,3143.8,3479.4,-6291.88,171.0,265.2,221.88
192,0,1417.78,1181.0,446.85,2.63,27194,18814,983.85,275.17,5878.0,39.38,8138.9,57624,348.1,3765.6,4025.2,-9439.42,169.0,268.5,238.43
193,0,1429.76,1182.0,455.05,2.61,29968,20362,1161.75,305.34,6021.0,40.17,9108.9,63977,353.2,4181.5,4574.2,-12586.96,167.0,271.8,253.59
194,0,1442.75,1190.0,467.16,2.59,32665,21711,1340.04,335.51,6194.0,35.86,10056.6,70019,357.1,4508.5,5191.0,-15734.5,165.0,275.1,267.2
195,0,1465.75,1209.0,475.99,2.58,33476,21825,1468.42,365.68,6116.0,39.84,10801.2,74273,373.2,4723.5,5704.5,-18882.04,163.0,278.4,273.55
196,3,1591.76,1110.0,536.86,2.61,35902,23514,1595.9,395.85,6038.0,41.39,12170.2,76960,474.9,5202.0,6493.3,-22029.58,161.0,281.7,350.96
197,3,1604.47,1119.0,550.65,2.61,38918,25314,1756.7,426.02,6003.0,41.63,13889.4,86911,500.9,5998.2,7390.3,-25177.12,159.0,285.0,442.95
198,3,1633.0,1139.0,563.23,2.61,42128,27312,1837.4,456.19,5968.0,41.7,15342.8,94782,522.6,6516.2,8304.0,-28324.66,157.0,288.3,534.94
199,3,1661.53,1159.0,575.81,2.61,45878,29720,20064.41,486.36,5933.0,42.8,17012.7,103386,612.2,5244.6,11155.9,-31472.2,155.0,291.6,626.93
200,3,534.05,1400.0,97.0,2.61,11977,10663,72.21,21.51,871.0,35.2,1050.4,20231,66.1,505.8,385.4,-34619.74,153.0,294.9,718.92
201,0,549.09,1427.0,98.55,2.61,13600,10316,94.67,30.61,880.0,35.42,1189.2,21958,68.5,566.3,433.5,-37767.28,151.0,298.2,44.1
202,0,556.66,1446.0,100.67,3.15,13582,10947,104.19,39.6,881.0,42.75,1328.5,24030,72.1,625.7,478.0,-40914.82,149.0,301.5,52.5
203,0,564.35,1466.0,102.3,3.69,14827,11231,120.45,69.85,894.0,19.96,1578.5,28162,77.1,764.6,539.9,-44062.36,147.0,304.8,71.4
204,0,575.01,1494.0,103.96,3.02,16045,12514,130.93,356.88,912.0,35.62,1918.0,33669,82.3,957.8,616.4,-47209.9,145.0,308.1,66.9
205,0,580.03,1507.0,105.0,2.35,17424,14486,150.85,491.04,921.0,28.7,2450.7,42434,75.8,1439.4,868.0,-50357.44,143.0,311.4,232.3
206,0,585.83,1522.0,105.34,1.68,19315,15107,175.4,572.15,3954.0,35.1,3020.8,51018,75.7,1842.3,1010.2,-53504.98,141.0,314.7,70.3
207,0,592.33,1539.12,107.0,1.01,21754,17639,31.93,587.13,3769.0,31.54,3696.4,59915,82.2,2327.7,1195.2,-56652.52,139.0,318.0,72.93
208,0,657.43,1708.0,108.75,0.34,22494,17553,37.64,593.59,3578.0,36.21,4419.0,68667,95.2,2842.8,1395.3,-59800.06,137.0,321.3,66.4
209,0,687.47,1786.0,110.46,-0.33,24578,19296,38.61,441.69,3342.0,36.57,4852.9,72167,95.8,3037.7,1687.4,-62947.6,135.0,324.6,67.76
210,0,719.91,1871.0,111.95,-1.0,27245,21995,46.7,532.34,2952.0,37.11,5685.4,80794,105.4,3542.5,2003.6,-66095.14,133.0,327.9,73.5
211,0,723.1,1879.0,113.37,-1.67,30718,23782,60.25,368.46,3129.0,37.49,6259.7,86759,118.9,3871.0,2220.4,-69242.68,131.0,331.2,74.31
212,0,726.18,1912.0,114.06,-2.34,34580,26164,68.29,384.91,2870.0,38.36,6677.2,92145,130.5,4113.3,2369.2,-72390.22,129.0,334.5,99.01
213,0,729.57,1921.0,115.96,-3.01,38038,28309,74.31,391.39,2934.0,39.7,7117.5,97784,139.1,4340.4,2530.8,-75537.76,127.0,337.8,74.47
214,0,735.06,1936.0,116.26,-3.68,36555,26043,78.62,496.53,2647.0,39.78,7561.4,103253,133.8,4602.2,2705.7,-78685.3,125.0,341.1,89.27
215,0,743.06,1957.0,116.8,-4.35,39757,28396,799.93,477.44,2469.0,40.42,8133.7,110054,136.5,4839.5,3028.0,-81832.84,123.0,344.4,93.84
216,0,746.27,1965.0,119.9,-5.02,43120,31303,695.85,540.22,1965.0,40.96,8757.7,117606,145.3,5146.0,3338.7,-84980.38,121.0,347.7,100.32
217,0,765.67,2016.0,125.45,-5.69,46849,33451,774.96,829.68,2478.0,42.83,9398.5,124324,133.7,5424.7,3840.2,-88127.92,119.0,351.0,103.77
218,0,790.57,2082.0,131.0,-6.36,55233,34804,331.27,390.77,2082.0,44.7,9935.9,127691,144.5,5614.0,4177.4,-91275.46,117.0,354.3,107.22
219,0,815.86,2148.0,136.55,-7.03,55233,37970,941.57,579.61,1686.0,46.57,10751.0,138000,156.9,6044.6,4549.5,-94423.0,115.0,357.6,110.67
220,0,841.15,664.0,224.73,3.14,8016,6677,87.87,90.06,1738.0,37.02,1191.3,16009,140.9,555.2,495.2,-97570.54,113.0,360.9,83.0
221,0,866.44,667.0,227.43,3.12,8731,6849,78.84,101.34,1750.0,37.5,1368.6,18128,144.4,643.4,580.8,-100718.08,111.0,364.2,83.4
222,0,891.73,672.0,229.67,3.12,8721,7344,92.61,119.1,1791.0,36.43,1583.5,20655,147.2,758.3,678.0,-103865.62,109.0,367.5,85.0
223,0,917.02,677.0,232.26,3.1,10075,8395,147.17,203.97,1829.0,37.48,1869.4,23986,148.9,923.8,796.8,-107013.16,107.0,370.8,82.0
224,0,942.31,686.0,235.29,3.11,11089,9002,164.1,287.1,1831.0,38.8,2270.2,28540,163.5,1149.9,956.7,-110160.7,105.0,374.1,91.3
225,0,819.55,695.0,237.35,3.12,12920,9883,203.1,370.23,1878.0,38.8,2687.5,33085,178.3,1392.0,1117.1,-113308.24,103.0,377.4,96.6
226,0,829.42,703.0,239.33,3.13,15328,11945,236.79,453.36,1931.0,39.2,3183.2,38608,184.0,1667.0,1332.3,-116455.78,101.0,380.7,104.4
227,0,838.67,711.0,241.55,3.14,17856,13376,321.18,536.49,1964.0,36.66,3750.2,44964,203.6,1934.5,1612.1,-119603.32,99.0,384.0,127.83
228,0,845.61,715.0,243.18,3.13,20464,14999,369.41,619.62,1966.0,41.52,4401.6,52266,223.4,2234.8,1943.3,-122750.86,97.0,387.3,137.0
229,0,850.03,676.0,244.74,3.12,22368,16080,433.58,702.75,1964.0,43.38,4853.9,57251,230.3,2420.1,2203.5,-125898.4,95.0,390.6,140.68
230,0,871.51,677.0,246.11,3.1,24998,17531,532.39,785.88,1966.0,43.38,5749.0,65827,277.0,2823.4,2648.6,-129045.94,93.0,393.9,138.94
231,0,879.51,679.0,247.94,3.09,28567,19297,658.7,869.01,1972.0,44.69,6725.8,76804,306.4,3236.9,3182.5,-132193.48,91.0,397.2,135.05
232,0,886.85,682.0,249.27,3.09,32145,20391,765.98,952.14,1753.0,44.7,7424.3,84063,324.4,3496.5,3603.5,-135341.02,89.0,400.5,147.36
233,0,896.41,685.76,250.6,3.09,35227,22060,1014.23,1035.27,1624.0,44.71,8147.3,91376,340.5,3745.1,4061.7,-138488.56,87.0,403.8,110.54
234,0,904.62,691.93,251.93,3.09,38294,24122,1074.71,1118.4,1657.0,44.71,8850.5,98283,349.6,4015.0,4485.9,-141636.1,85.0,407.1,100.94
235,0,909.7,694.03,253.26,3.09,40370,26052,1222.9,1201.53,1723.0,39.44,9472.4,104418,364.0,4168.1,4940.3,-144783.64,83.0,410.4,184.97
236,0,920.4,816.0,254.59,3.09,43598,28285,1352.8,1284.66,1925.0,38.56,10184.7,111302,359.3,4309.7,5515.8,-147931.18,81.0,413.7,193.28
237,0,929.05,823.0,255.92,3.09,47176,30569,1403.03,1367.79,1942.0,39.05,11024.1,119215,368.9,4546.2,6109.1,-151078.72,79.0,417.0,208.11
238,0,939.48,830.0,257.25,3.09,50817,32890,1559.8,1450.92,1959.0,39.2,12001.5,128459,386.9,4850.6,6764.0,-154226.26,77.0,420.3,268.0
239,0,949.91,837.0,258.58,3.09,54484,32770,1576.6,1534.05,1976.0,39.35,11741.3,124282,410.0,4182.8,7148.6,-157373.8,75.0,423.6,327.89
240,0,960.34,681.0,198.18,2.92,9274,7027,79.27,113.62,2820.0,31.1,1540.7,26692,91.0,870.1,579.6,-160521.34,73.0,426.9,387.78
241,0,970.77,684.0,199.48,2.91,9274,7270,110.36,124.27,3664.0,33.28,1760.3,30384,91.4,999.9,669.0,-163668.88,71.0,430.2,101.1
242,0,981.2,688.0,201.92,2.89,10617,7682,158.55,178.82,4508.0,36.22,2080.4,35733,91.7,1211.5,777.1,-166816.42,69.0,433.5,134.4
243,0,991.63,696.0,204.91,2.88,12361,9272,183.6,412.79,5352.0,37.2,2801.6,47693,75.8,1771.9,954.0,-169963.96,67.0,436.8,143.3
244,0,1002.06,705.0,205.89,2.91,14451,9783,233.13,417.52,6196.0,39.22,3365.9,46619,78.6,2235.1,1052.2,-173111.5,65.0,440.1,153.5
245,0,758.0,715.0,206.83,2.93,16276,11163,335.28,488.1,716.0,40.2,4173.5,56142,82.1,2712.0,1379.4,-176259.04,63.0,443.4,164.6
246,0,810.0,726.0,207.24,2.97,18532,12472,386.2,477.07,4884.0,42.96,4948.1,63131,94.8,3193.0,1660.2,-179406.58,61.0,446.7,94.1
247,0,882.12,736.0,208.7,2.99,21260,13959,496.94,455.61,2897.0,38.0,5914.3,69910,105.3,3687.5,2121.5,-182554.12,59.0,450.0,109.7
248,0,912.65,742.0,209.65,3.0,23867,15183,622.37,514.22,2969.0,41.04,7163.4,79825,121.2,4331.7,2710.6,-185701.66,57.0,453.3,118.3
249,0,936.95,746.0,210.69,3.01,26320,17121,686.78,676.99,3087.0,42.04,7851.0,84894,129.0,4642.9,3079.1,-188849.2,55.0,456.6,136.2
250,0,1046.6,751.0,211.79,3.01,29219,18979,825.67,732.21,1769.0,42.7,9366.5,94430,140.8,5372.7,3852.9,-191996.74,53.0,459.9,121.37
251,0,1051.87,757.0,213.24,3.01,34617,22330,1002.63,763.61,1852.0,42.2,10885.9,103739,161.0,6103.8,4621.1,-195144.28,51.0,463.2,122.4
252,0,1054.91,763.0,214.04,3.03,37531,23092,1113.47,963.61,1827.0,42.06,12207.8,115891,176.5,6672.7,5358.5,-198291.82,49.0,466.5,182.91
253,0,1057.87,770.0,215.57,3.03,41143,25197,1212.68,1030.6,1882.0,42.06,13191.3,124872,193.3,6955.1,6042.9,-201439.36,47.0,469.8,145.61
254,0,1060.4,779.0,217.46,3.04,46677,28973,1304.83,1022.15,1926.0,42.39,13994.4,132131,204.0,7096.7,6693.8,-204586.9,45.0,473.1,213.87
255,0,1061.6,770.0,219.23,3.04,50390,31136,1527.17,1070.93,1967.0,43.08,14761.4,139127,215.7,7270.3,7275.3,-207734.44,43.0,476.4,239.86
256,0,1064.74,783.0,222.44,3.05,54341,33305,1617.16,738.09,2008.0,42.66,15748.6,148129,221.8,7462.6,8064.2,-210881.98,41.0,479.7,246.18
257,0,1068.36,798.0,226.58,3.05,58806,35104,1771.5,756.61,2185.0,42.15,17319.5,162388,222.0,8235.9,8861.7,-214029.52,39.0,483.0,272.65
258,0,1072.17,813.0,230.92,3.05,63481,37423,1952.8,488.5,2362.0,42.27,18597.5,173765,214.0,8933.3,9450.2,-217177.06,37.0,486.3,325.56
259,0,1075.98,828.0,235.26,3.05,68629,39648,2141.3,220.39,2539.0,42.27,19235.8,179200,196.7,9130.2,9908.9,-220324.6,35.0,489.6,378.47
260,0,644.84,2616.0,41.4,3.89,14142,12603,33.61,21.3,2616.0,9.2,820.3,13679,31.1,269.1,192.5,-223472.14,33.0,492.9,431.38
261,0,654.43,2655.0,42.12,3.75,16938,14669,47.86,28.74,2655.0,9.02,991.9,15268,31.6,315.3,232.1,-226619.68,31.0,496.2,198.7
262,0,654.84,2657.0,43.15,3.66,16949,15157,64.96,39.6,2657.0,10.97,1186.9,18131,30.3,369.7,272.8,-229767.22,29.0,499.5,228.0
263,0,655.25,2658.0,44.5,3.57,18471,15446,76.52,22.23,2658.0,16.65,1452.5,22174,28.1,512.3,407.6,-232914.76,27.0,502.8,218.3
264,0,655.66,2660.0,45.46,3.5,20526,18426,94.16,20.8,2660.0,9.72,1806.0,27554,27.7,640.6,487.0,-236062.3,25.0,506.1,271.5
265,0,656.07,2662.0,46.5,3.38,22882,21678,117.04,48.9,2662.0,14.5,2188.2,33363,19.6,1236.2,925.8,-239209.84,23.0,509.4,247.5
266,0,685.66,2782.0,47.7,3.68,25320,18995,147.9,54.73,4793.0,33.0,2635.6,39287,11.8,1527.3,1087.5,-242357.38,21.0,512.7,354.0
267,0,717.02,2909.0,49.25,3.41,27025,21545,193.1,344.84,5219.0,41.72,3169.3,45189,11.9,1791.0,1349.0,-245504.92,19.0,516.0,395.46
268,0,750.6,3045.0,50.64,3.43,30275,23208,218.26,378.26,2951.0,43.35,3715.7,50635,12.3,1954.2,1736.1,-248652.46,17.0,519.3,388.92
269,0,786.08,3189.0,52.12,3.38,33045,24270,232.62,464.07,2471.0,43.36,3811.0,49601,14.8,1823.1,1926.0,-251800.0,15.0,522.6,367.2
270,0,822.48,3343.0,53.05,3.32,35690,25733,289.83,549.88,2404.0,43.37,4308.9,53575,16.6,2160.8,2069.1,-254947.54,13.0,525.9,357.27
271,0,825.48,3356.0,53.9,3.39,39513,27495,351.92,635.69,2424.0,44.52,4815.3,58440,17.9,2366.2,2351.3,-258095.08,11.0,529.2,378.08
272,0,829.23,3371.0,54.41,3.43,42944,31369,385.58,463.46,2443.0,44.96,5096.0,61593,18.8,2375.6,2615.8,-261242.62,9.0,532.5,384.35
273,0,831.66,3381.0,55.03,3.47,46594,33251,444.66,291.23,2526.0,45.95,5590.6,67320,20.1,2518.9,2951.1,-264390.16,7.0,535.8,380.84
274,0,834.31,3392.0,55.88,3.51,36764,27071,457.68,119.0,2460.0,45.25,5968.4,71651,20.4,2794.4,3066.6,-267537.7,5.0,539.1,380.08
275,0,825.41,3355.0,56.72,3.55,39793,30688,581.24,-53.23,2417.0,44.71,6374.3,76812,21.0,2922.1,3332.0,-270685.24,3.0,542.4,390.43
276,0,826.14,3358.0,58.26,3.59,43096,30688,599.29,-225.46,2374.0,47.67,6937.1,84007,24.2,3173.2,3630.3,-273832.78,1.0,545.7,303.37
277,0,834.25,3391.0,60.74,3.63,46739,32498,667.65,265.69,2637.0,46.98,7582.1,91329,22.9,3663.2,3896.0,-276980.32,-1.0,549.0,392.57
278,3,839.22,3411.0,65.34,3.67,52721,33675,765.41,312.61,2900.0,53.59,8278.6,98939,25.0,4027.2,4226.3,-280127.86,-3.0,552.3,481.77
279,3,846.45,3431.0,69.94,3.71,55156,36198,865.58,0.0,3163.0,35.86,9482.5,112507,28.5,5361.5,4092.5,-283275.4,-5.0,555.6,570.97
280,0,689.0,689.0,187.08,2.99,6364,5446,46.5,89.45,3225.0,33.3,646.1,9484,44.7,277.1,324.4,-286422.94,-7.0,558.9,98.41
281,0,696.0,696.0,188.98,3.03,6705,5816,57.3,129.71,3287.0,34.2,734.9,10628,45.9,312.9,376.1,-289570.48,-9.0,562.2,131.6
282,0,704.0,704.0,191.71,3.01,7184,6419,63.8,148.62,3349.0,35.06,826.7,11831,47.8,353.6,425.3,-292718.02,-11.0,565.5,126.2
283,0,717.8,718.0,195.32,3.04,7748,6805,76.6,211.09,3411.0,32.14,946.7,13341,50.7,407.4,488.6,-295865.56,-13.0,568.8,146.8
284,0,726.24,717.0,199.33,2.99,8544,7428,87.3,219.64,3473.0,30.3,1102.4,15294,60.2,476.9,565.3,-299013.1,-15.0,572.1,132.8
285,0,806.81,734.0,203.04,2.93,9628,7900,97.82,228.19,734.0,30.4,1313.9,16406,66.0,540.5,707.4,-302160.64,-17.0,575.4,144.5
286,0,822.52,745.0,207.04,2.9,10905,8987,119.22,236.74,11993.0,39.82,1538.9,18890,70.4,645.7,822.9,-305308.18,-19.0,578.7,146.0
287,0,830.54,756.0,211.12,2.91,12262,10098,161.25,245.29,10556.0,39.71,1856.6,22463,82.5,781.9,992.2,-308455.72,-21.0,582.0,147.33
288,0,837.52,764.0,216.52,2.82,15207,12016,226.99,253.84,10559.0,40.33,2318.1,27794,103.5,981.6,1233.1,-311603.26,-23.0,585.3,152.44
289,0,843.46,773.0,221.51,2.84,18963,14251,276.85,262.39,10305.0,40.42,2724.9,32420,110.4,1144.8,1469.8,-314750.8,-25.0,588.6,178.85
290,0,847.41,774.0,226.71,2.81,22244,11181,371.62,270.94,10324.0,40.43,3242.9,38357,140.1,1357.5,1745.3,-317898.34,-27.0,591.9,209.33
291,0,851.34,783.0,234.34,2.83,25981,19306,494.58,279.49,9183.0,41.15,3869.8,45561,173.1,1583.2,2113.5,-321045.88,-29.0,595.2,233.53
292,0,855.29,788.0,239.54,2.76,29982,21434,597.47,288.04,9301.0,42.0,4394.5,51499,195.6,1781.1,2417.8,8.23,-31.0,598.5,251.23
293,0,858.81,799.0,245.53,2.73,33100,23848,729.81,296.59,9091.0,42.2,4925.0,57464,200.5,1998.8,2725.7,7.6,-33.0,601.8,255.66
294,0,862.75,807.0,250.26,2.7,36100,20893,819.54,305.14,8852.0,42.5,5492.6,63794,214.6,2194.8,3083.3,12.99,-35.0,605.1,308.08
295,0,870.56,808.0,253.12,2.8,33188,22415,917.24,313.69,7820.0,42.62,5801.2,66938,220.2,2126.3,3454.7,25.0,-37.0,608.4,332.34
296,0,883.21,817.0,256.65,2.8,35630,23799,942.52,322.24,6788.0,42.57,6282.7,71647,232.0,2200.4,3850.3,53.69,-39.0,611.7,346.81
297,0,961.67,837.0,267.68,2.8,38536,25374,1045.09,330.79,6107.0,41.0,7471.9,78368,281.1,2596.5,4594.3,22.9,-41.0,615.0,183.36
298,0,1000.37,914.0,290.14,2.8,38729,25961,1151.9,339.34,5426.0,41.6,8349.9,85114,258.8,2925.6,5165.4,14.21,-43.0,618.3,424.0
299,3,1020.35,991.0,312.6,2.8,41850,26548,1247.51,347.89,4745.0,42.2,9321.2,92256,279.1,3167.4,5874.6,5.52,-45.0,621.6,664.64
300,2,613.87,496.0,170.59,3.07,7530,7370,42.92,42.08,3091.0,28.28,720.8,11789,74.1,281.5,365.2,-3.17,-47.0,624.9,905.28
301,0,620.08,497.0,170.38,3.04,8704,7745,55.32,85.92,3153.0,28.25,818.5,13267,78.4,318.3,421.9,-11.86,-49.0,628.2,94.4
302,0,626.88,504.0,174.82,2.99,9021,7740,62.55,110.8,3251.0,29.2,930.3,14921,79.2,364.3,486.8,-20.55,-51.0,631.5,95.0
303,0,628.35,509.15,177.1,3.06,9933,8558,78.42,135.68,3397.0,36.62,1086.1,17305,83.3,450.3,552.5,-29.24,-53.0,634.8,75.9
304,0,629.0,516.44,180.05,3.05,11021,9056,100.55,94.69,3528.0,35.69,1309.0,20821,104.6,549.2,655.2,-37.93,-55.0,638.1,83.9
305,0,639.3,525.36,184.1,2.85,12434,9660,133.05,137.15,3750.0,36.9,1797.8,28351,114.0,794.5,889.4,-46.62,-57.0,641.4,84.7
306,0,646.5,533.89,187.7,2.81,13924,10680,167.19,138.9,3962.0,38.04,2137.8,33253,116.3,989.4,1032.1,-55.31,-59.0,644.7,77.5
307,0,652.92,539.27,191.59,2.82,16153,12288,218.17,227.11,4036.0,31.21,2604.7,40090,133.0,1223.4,1248.3,-64.0,-61.0,648.0,85.0
308,0,658.56,545.85,196.35,2.97,18282,12646,260.56,348.53,2591.0,31.69,3334.2,50846,172.1,1694.5,1467.5,-72.69,-63.0,651.3,101.46
309,0,664.22,551.31,200.52,2.99,20004,15020,314.08,490.07,2589.0,38.38,3787.8,57271,179.4,1920.2,1688.3,-81.38,-65.0,654.6,107.29
310,0,704.07,552.13,204.27,2.93,22284,16096,403.33,558.45,2647.0,36.19,4598.3,67212,202.0,2468.8,1927.5,-90.07,-67.0,657.9,106.89
311,0,709.07,555.7,226.59,2.95,25481,17782,520.89,614.44,2974.0,36.97,5683.7,80441,243.4,3191.9,2248.4,-98.76,-69.0,661.2,134.3
312,0,714.66,559.09,228.64,2.91,30288,19460,624.62,717.75,3119.0,32.9,6479.8,91025,272.3,3644.6,2562.9,-107.45,-71.0,664.5,143.74
313,0,722.14,560.94,231.03,2.99,33662,22346,701.82,829.32,3141.0,38.98,7249.1,100906,294.6,4015.3,2939.2,-116.14,-73.0,667.8,182.61
314,0,731.15,568.22,233.94,2.98,36826,26779,802.38,995.37,3131.0,40.13,7934.7,109195,311.9,4321.9,3300.9,-124.83,-75.0,671.1,173.25
315,0,743.18,575.49,238.57,3.03,39961,29753,925.0,1333.83,2831.0,39.31,8630.5,117076,341.8,4336.1,3952.7,-133.52,-77.0,674.4,203.04
316,0,764.52,582.76,245.59,3.04,43294,31826,1041.43,1436.9,2930.0,40.06,9292.3,123265,306.4,4513.3,4472.7,-142.21,-79.0,677.7,215.28
317,0,791.81,590.03,256.22,3.03,46948,34645,1182.6,1398.79,4434.0,41.5,10210.1,131207,312.0,4740.3,5157.8,-150.9,-81.0,681.0,283.08
318,0,819.1,597.3,266.85,3.02,50792,36793,1329.52,1576.44,5938.0,42.94,11003.4,136920,318.7,4660.2,6024.5,-159.59,-83.0,684.3,350.88
319,0,839.45,604.57,277.48,3.01,55211,39552,1425.98,1677.33,7442.0,44.38,11574.2,137900,359.7,4439.3,6775.2,-168.28,-85.0,687.6,418.68
320,0,859.8,690.0,99.25,3.0,8471,6892,54.72,89.69,1247.0,36.1,944.1,16855,96.0,414.7,433.4,-176.97,165.29,690.9,60.0
321,0,880.15,696.0,100.53,2.99,8607,7465,70.37,112.75,1375.0,31.69,1057.9,18697,98.3,438.1,521.5,-185.66,302.0,694.2,62.0
322,0,900.5,703.0,101.62,2.98,8982,7818,77.5,137.46,1477.0,34.67,1190.1,20807,100.1,501.6,588.4,-194.35,669.4,697.5,71.0
323,0,920.85,712.0,102.71,2.97,11013,6069,88.46,180.1,1510.0,38.2,1352.2,23362,104.8,588.7,658.7,-203.04,462.35,700.8,72.0
324,0,941.2,722.0,102.68,2.96,10798,8581,101.7,230.55,1542.0,39.07,1600.3,27293,120.6,721.9,757.8,-211.73,753.0,704.1,89.0
325,0,961.55,731.0,104.87,2.86,13578,9227,120.66,281.0,1569.0,39.08,1846.3,28900,134.3,847.5,864.5,-220.42,820.0,707.4,90.0
326,0,981.9,738.0,106.19,2.88,15340,10713,146.98,331.45,4270.0,36.54,2161.5,33480,145.1,997.1,1019.3,-229.11,891.0,710.7,89.9
327,0,1002.25,740.0,107.55,2.85,18005,12390,179.98,381.9,2866.0,36.76,2500.1,38301,150.3,1128.8,1221.1,-237.8,945.0,714.0,92.5
328,0,1022.6,739.0,109.26,2.83,20802,13905,221.32,432.35,2322.0,36.41,3006.8,45563,175.0,1313.1,1518.7,-246.49,1006.0,717.3,97.5
329,0,667.9,738.0,111.07,2.77,22722,14764,259.92,482.8,2331.0,36.43,3340.9,50219,187.1,1433.5,1720.3,-255.18,1048.0,720.6,107.59
330,0,681.8,739.0,112.91,2.85,25321,15973,336.8,533.25,2331.0,37.04,3910.5,57947,215.2,1637.5,2057.9,-263.87,1064.0,723.9,93.08
331,0,688.5,742.0,114.75,2.86,28892,18046,396.88,583.7,2335.0,37.05,4406.3,64310,237.9,1829.0,2339.5,-272.56,1057.0,727.2,87.61
332,0,694.96,745.0,116.49,2.83,32570,20032,465.67,634.15,2417.0,38.21,4803.7,69444,252.9,1938.1,2612.6,-281.25,1085.0,730.5,100.59
333,0,699.88,767.0,118.5,2.8,35648,21667,519.32,684.6,2471.0,39.03,5230.2,74994,284.7,2053.2,2892.2,-289.94,1190.0,733.8,103.68
334,0,706.69,777.0,120.33,2.77,38763,22981,571.41,735.05,2488.0,39.74,5770.6,82052,290.3,2261.7,3218.6,-298.63,1134.0,737.1,93.39
335,0,713.2,782.0,121.96,2.74,39889,26319,658.18,785.5,2504.0,40.0,6100.2,85919,305.4,2307.0,3487.8,-307.32,1141.0,740.4,137.28
336,0,732.12,791.0,154.64,2.71,43052,28537,741.26,835.95,2127.0,40.12,6536.1,90999,317.3,2368.9,3849.9,-316.01,1154.0,743.7,167.32
337,0,746.04,805.0,157.42,2.68,46642,30729,834.06,886.4,2425.0,40.57,7202.0,98967,317.4,2569.2,4315.3,-324.7,1241.0,747.0,178.46
338,0,890.87,820.0,182.76,2.65,50146,32977,1018.32,936.85,2723.0,40.05,7856.6,106302,272.4,2829.3,4754.8,-333.39,1226.0,750.3,189.6
339,0,1035.7,835.0,208.1,2.62,51913,33439,1197.3,987.3,3021.0,41.2,9443.4,106416,343.1,3265.2,5835.1,-342.08,1211.0,753.6,200.74
340,0,596.3,578.0,193.99,2.75,11470,7997,83.91,1037.75,3319.0,28.44,1144.6,21208,94.2,635.8,414.5,-350.77,48.0,756.9,211.88
341,0,156.9,580.0,196.1,2.88,11991,9463,116.28,181.45,3617.0,30.99,1278.8,23587,98.5,690.8,489.4,-359.46,80.1,760.2,79.1
342,0,-282.5,583.0,198.94,3.01,12970,9396,145.26,212.0,3915.0,33.43,1453.3,26678,103.6,793.0,556.7,-368.15,113.9,763.5,87.8
343,0,-721.9,586.3,203.47,3.14,14277,10463,180.26,310.94,4213.0,33.13,1749.3,31943,109.8,954.0,685.5,-376.84,145.9,766.8,90.3
344,0,-1161.3,590.0,207.01,2.84,15882,11283,215.95,453.19,4511.0,35.03,2109.5,38292,120.5,1167.4,821.5,-385.53,174.3,770.1,95.4
345,0,656.0,594.45,211.17,2.76,17410,11818,264.78,2213.3,595.0,36.06,2447.3,44120,132.3,1341.9,973.2,-394.22,199.3,773.4,104.8
346,0,672.0,598.45,215.03,2.76,19673,12666,292.7,3973.41,2701.0,37.5,2874.4,51459,139.3,1580.7,1154.4,-402.91,215.2,776.7,58.0
347,0,690.0,575.0,218.77,2.73,22307,14009,371.04,5733.52,2044.0,37.51,3418.6,60774,150.9,1894.1,1373.5,-411.6,226.0,780.0,66.46
348,0,707.0,579.0,221.48,2.68,25304,16379,439.41,7493.63,2085.0,37.52,3946.5,69687,166.9,2190.8,1588.9,-420.29,229.6,783.3,78.39
349,0,719.0,582.0,221.46,2.63,27368,18203,506.08,9253.74,2098.0,37.83,4334.3,76101,183.5,2356.7,1794.1,-428.98,240.8,786.6,82.0
350,0,761.1,585.0,222.98,2.66,30166,19420,600.75,11013.85,2115.0,38.04,5181.0,90490,219.1,2856.7,2105.1,-437.67,245.3,789.9,87.71
351,0,762.8,587.0,223.79,2.61,34058,21695,750.72,12773.96,2192.0,38.13,6074.9,105606,255.2,3315.8,2504.0,-446.36,245.7,793.2,90.74
352,0,763.9,588.0,223.46,2.6,37902,22887,828.44,14534.07,2256.0,38.28,6601.2,114394,268.5,3475.1,2857.6,-455.05,251.9,796.5,99.73
353,0,766.3,590.0,223.56,2.59,41729,23129,939.89,16294.18,2342.0,38.28,7164.5,123754,272.1,3681.0,3211.5,-463.74,257.3,799.8,105.54
354,0,781.1,595.0,224.07,2.58,44155,27893,1000.86,18054.29,2395.0,38.28,7610.3,130769,275.7,3980.4,3354.2,-472.43,259.2,803.1,104.64
355,0,782.5,598.0,224.6,2.57,47852,29645,1252.64,19814.4,2444.0,38.31,8003.6,136773,284.7,4098.2,3620.7,-481.12,266.2,806.4,111.0
356,0,787.5,602.0,225.81,2.56,51560,31584,1289.26,21574.51,2493.0,39.8,8686.5,147537,302.1,4455.3,3929.1,-489.81,263.5,809.7,150.57
357,0,800.5,608.11,227.49,2.55,55656,33197,1410.6,23334.62,3034.0,40.08,9842.1,165706,305.8,5119.5,4416.8,-498.5,262.8,813.0,151.83
358,0,820.2,614.22,232.13,2.54,60134,36712,1594.1,25094.73,3575.0,41.38,10745.5,179108,306.0,5507.5,4932.0,-507.19,262.1,816.3,153.09
359,0,839.9,620.33,236.77,2.53,64886,38274,1767.9,26854.84,4116.0,42.68,11985.0,143157,322.0,5783.0,5880.0,-515.88,261.4,819.6,154.35
360,0,859.6,780.53,117.89,2.9,8540,6759,31.83,53.23,4657.0,31.69,600.7,17635,45.1,336.7,218.8,-524.57,260.7,822.9,155.61
361,0,879.3,780.62,118.65,2.88,9403,7526,41.16,62.82,5198.0,31.77,672.9,19704,47.1,380.8,245.0,-533.26,260.0,826.2,41.5
362,0,899.0,784.55,119.74,2.86,9933,7973,51.82,75.88,5739.0,32.67,760.6,22215,48.8,431.5,280.3,-541.95,259.3,829.5,56.6
363,0,918.7,791.36,121.04,2.86,11307,8947,63.05,126.24,6280.0,35.21,901.4,26149,47.2,520.3,334.0,-550.64,258.6,832.8,57.9
364,0,938.4,797.65,121.63,2.87,12867,9878,75.66,159.71,6821.0,37.56,1113.4,32031,54.2,672.4,386.8,-559.33,257.9,836.1,55.8
365,0,412.8,803.73,121.97,2.88,14589,10718,97.85,159.71,804.0,38.8,1322.5,32467,59.6,812.6,450.3,-568.02,257.2,839.4,54.9
366,0,426.0,810.67,122.32,2.9,16650,12503,117.7,185.78,4502.0,40.6,1603.9,38256,66.1,972.2,565.6,-576.71,256.5,842.7,31.8
367,0,435.23,815.01,122.21,2.92,19089,13789,154.64,228.45,3184.0,41.6,1936.9,44997,74.3,1157.2,705.4,-585.4,255.8,846.0,43.48
368,0,440.71,818.11,123.4,2.91,21592,14967,186.68,242.82,3114.0,42.12,2301.5,52549,84.5,1350.3,866.7,-594.09,255.1,849.3,46.64
369,0,445.18,820.57,125.47,2.87,23751,15693,218.75,355.6,3328.0,42.12,2560.9,57815,91.8,1468.4,1000.8,-602.78,254.4,852.6,49.16
370,0,459.2,825.25,127.11,2.84,26269,17205,281.44,340.33,3437.0,42.15,3091.9,68365,99.8,1728.0,1264.1,-611.47,253.7,855.9,51.99
371,0,464.97,829.96,128.1,2.83,29829,19126,361.81,295.86,3572.0,42.17,3639.8,78758,111.8,2006.3,1521.7,-620.16,253.0,859.2,54.95
372,0,468.68,1072.0,128.75,2.83,33326,20918,391.22,402.06,3665.0,42.21,4039.8,86538,126.4,2167.8,1745.7,-628.85,252.3,862.5,58.08
373,0,469.21,1073.0,128.81,2.84,36288,22831,417.9,389.59,3798.0,42.87,4527.5,96547,130.3,2347.7,2049.5,-637.54,251.6,865.8,59.24
374,0,469.64,1074.0,129.42,2.85,39483,23590,434.93,582.83,3035.0,42.92,4991.4,106329,138.5,2494.5,2358.4,-646.23,250.9,869.1,61.83
375,0,470.14,1075.0,130.24,2.85,42710,25358,485.33,637.4,2399.0,43.08,5371.2,114308,146.6,2611.0,2613.7,-654.92,250.2,872.4,76.48
376,0,470.83,1077.0,131.45,2.85,46058,27080,508.11,582.4,1763.0,43.1,5875.9,124889,152.7,2750.0,2973.2,-663.61,249.5,875.7,83.53
377,0,471.73,1078.0,133.22,2.84,49955,28445,551.55,634.16,2441.0,43.1,6618.4,140435,157.1,3098.6,3362.7,-672.3,248.8,879.0,81.38
378,0,472.86,1082.0,134.91,2.83,64000,30351,594.82,685.92,3119.0,43.12,7050.3,149275,156.3,3263.3,3630.7,-680.99,248.1,882.3,122.25
379,0,473.99,1086.0,136.6,2.82,58345,32263,653.7,737.68,3797.0,43.14,7400.9,156390,157.0,3529.2,3714.7,-689.68,247.4,885.6,163.12
380,0,475.12,908.0,150.06,2.9,8603,6975,52.81,52.88,4475.0,35.7,1176.5,27109,46.2,690.3,440.0,-698.37,246.7,888.9,203.99
381,0,476.25,910.0,150.95,2.89,9454,7405,71.04,76.16,5153.0,29.63,1328.6,30526,52.1,758.1,518.5,-707.06,246.0,892.2,92.3
382,0,477.38,916.0,152.94,2.87,9988,7567,84.22,129.54,5831.0,31.38,1534.1,35087,54.2,876.0,603.9,-715.75,245.3,895.5,77.9
383,0,478.51,924.0,151.0,2.93,11647,8360,109.36,280.42,6509.0,36.1,1833.5,41616,51.2,1105.0,677.2,-724.44,244.6,898.8,100.7
384,0,479.64,934.0,150.67,2.97,13588,9518,143.1,325.87,7187.0,37.0,2274.3,51123,44.3,1399.1,831.0,-733.13,243.9,902.1,105.5
385,0,559.51,946.0,151.21,2.99,16005,10774,182.89,254.12,946.0,40.0,2839.5,51592,52.1,1729.1,1058.3,-741.82,243.2,905.4,116.7
386,0,584.17,956.0,151.93,3.01,18189,11372,213.4,182.37,1432.0,41.2,3350.2,58586,60.0,2016.5,1273.6,-750.51,242.5,908.7,88.6
387,0,599.21,964.0,153.1,3.02,20898,12257,270.82,110.62,1454.0,42.2,3932.0,66454,69.6,2324.5,1537.9,-759.2,241.8,912.0,88.87
388,0,610.73,970.0,153.82,3.02,23605,13563,338.98,38.87,1463.0,43.0,4529.8,74877,86.8,2640.0,1803.0,-767.89,241.1,915.3,90.52
389,0,619.57,973.0,154.53,3.01,25027,15619,405.61,-32.88,3178.0,43.18,5027.5,81728,92.8,2884.5,2050.2,-776.58,240.4,918.6,93.34
390,0,637.44,1008.0,155.56,3.0,27171,17068,488.68,-104.63,2074.0,42.62,5779.2,91943,103.0,3236.0,2440.2,-785.27,239.7,921.9,99.32
391,0,643.22,1011.0,156.31,2.99,31853,19780,592.67,-176.38,2062.0,42.58,6799.9,106183,119.4,3729.9,2950.6,-793.96,239.0,925.2,102.31
392,0,646.55,1016.0,157.12,2.99,25663,23000,648.61,-248.13,2089.0,42.68,7446.4,115468,132.6,4003.2,3310.7,-802.65,238.3,928.5,108.88
393,0,648.41,1020.0,158.09,2.99,38999,25392,711.49,-319.88,2110.0,42.78,7919.9,122318,130.4,4187.7,3601.7,-811.34,237.6,931.8,114.31
394,0,650.01,1031.0,159.78,2.99,41731,27358,748.06,-391.63,2115.0,42.9,8359.0,128756,138.2,4242.6,3978.3,-820.03,236.9,935.1,122.35
395,0,651.1,1039.0,161.67,2.97,45129,29466,821.86,-463.38,1953.0,42.98,8685.9,133515,137.7,4359.5,4188.7,-828.72,236.2,938.4,132.44
396,0,652.9,1051.0,163.87,2.97,48628,31438,867.36,-535.13,1791.0,42.98,9387.8,143985,135.3,4465.9,4786.6,-837.41,235.5,941.7,142.41
397,0,655.3,1065.0,166.85,2.96,52659,32972,987.66,-606.88,2020.0,43.0,10511.8,160706,135.2,4964.4,5412.2,-846.1,234.8,945.0,158.37
398,0,657.45,1074.0,169.2,2.95,56989,35016,1055.94,-678.63,2249.0,43.0,11438.6,174270,125.1,5464.0,5849.5,-854.79,234.1,948.3,165.0
399,0,659.6,1083.0,171.55,2.94,61915,37433,1117.58,-750.38,2478.0,43.0,11852.3,180277,122.5,5627.9,6101.9,-863.48,233.4,951.6,171.63
